date,rate
2018-12-31,138.65
2019-01-02,138.694483
2019-01-03,138.718621
2019-01-04,138.723103
2019-01-07,138.708621
2019-01-08,138.722414
2019-01-09,138.714828
2019-01-10,138.716552
2019-01-11,138.722414
2019-01-14,138.728966
2019-01-15,138.745517
2019-01-16,138.751035
2019-01-17,138.765517
2019-01-18,138.733103
2019-01-21,138.757586
2019-01-22,138.754138
2019-01-23,138.754828
2019-01-24,138.755862
2019-01-25,138.755517
2019-01-28,138.622414
2019-01-29,138.63069
2019-01-30,138.508621
2019-01-31,138.306897
2019-02-01,138.102069
2019-02-04,138.151035
2019-02-06,138.121379
2019-02-07,138.161379
2019-02-08,138.136897
2019-02-11,138.606207
2019-02-12,138.725517
2019-02-13,138.746552
2019-02-14,138.748276
2019-02-15,138.746552
2019-02-18,138.475862
2019-02-19,138.690345
2019-02-20,138.743793
2019-02-21,138.558621
2019-02-22,138.502414
2019-02-25,138.462069
2019-02-26,138.59
2019-02-27,138.884483
2019-02-28,138.930345
2019-03-01,138.465862
2019-03-04,138.67069
2019-03-05,138.586552
2019-03-06,138.596207
2019-03-07,138.602759
2019-03-08,138.525172
2019-03-11,138.503793
2019-03-12,138.667241
2019-03-13,138.659655
2019-03-14,138.854483
2019-03-15,139.036897
2019-03-18,139.166897
2019-03-19,139.194828
2019-03-20,139.213103
2019-03-21,139.267241
2019-03-22,139.637586
2019-03-25,140.104828
2019-03-26,140.137414
2019-03-27,140.087586
2019-03-28,140.134483
2019-03-29,140.38
2019-04-01,140.639655
2019-04-02,140.808621
2019-04-03,141.045517
2019-04-04,141.151379
2019-04-05,141.146207
2019-04-08,141.108621
2019-04-09,141.188276
2019-04-10,141.218966
2019-04-11,141.214138
2019-04-12,141.225517
2019-04-15,141.235862
2019-04-16,141.233448
2019-04-17,141.23931
2019-04-18,141.25
2019-04-19,141.177931
2019-04-22,141.233103
2019-04-23,141.243448
2019-04-24,141.258966
2019-04-25,141.238276
2019-04-26,141.246207
2019-04-29,141.262759
2019-04-30,141.254138
2019-05-02,141.212069
2019-05-03,141.213448
2019-05-06,141.191724
2019-05-08,141.199655
2019-05-09,141.114138
2019-05-10,141.241379
2019-05-13,141.244828
2019-05-14,141.243103
2019-05-15,141.239655
2019-05-16,144.088276
2019-05-17,146.77931
2019-05-20,147.72931
2019-05-21,150.094828
2019-05-22,151.363793
2019-05-23,151.511035
2019-05-24,151.226552
2019-05-27,149.721379
2019-05-28,149.73
2019-05-29,149.628966
2019-05-30,149.004483
2019-05-31,147.75931
2019-06-03,147.824483
2019-06-10,149.223448
2019-06-11,150.60069
2019-06-12,151.142414
2019-06-13,151.688276
2019-06-14,153.336207
2019-06-17,156.230345
2019-06-18,156.393793
2019-06-19,156.573103
2019-06-20,156.591379
2019-06-21,156.607931
2019-06-24,156.654828
2019-06-25,156.687931
2019-06-26,159.393793
2019-06-27,163.025172
2019-06-28,162.011724
2019-07-02,158.437586
2019-07-03,157.708621
2019-07-04,156.49069
2019-07-05,156.437586
2019-07-08,156.737931
2019-07-09,157.067241
2019-07-10,157.300345
2019-07-11,157.776552
2019-07-12,158.218276
2019-07-15,158.825517
2019-07-16,159.841552
2019-07-17,159.357586
2019-07-18,159.506897
2019-07-19,159.646897
2019-07-22,159.973103
2019-07-23,160.083448
2019-07-24,160.307241
2019-07-25,160.362069
2019-07-26,160.213448
2019-07-29,160.223448
2019-07-30,160.124138
2019-07-31,159.613103
2019-08-01,159.307931
2019-08-02,159.181035
2019-08-05,158.684138
2019-08-06,158.492069
2019-08-07,158.26069
2019-08-08,157.827931
2019-08-09,158.094138
2019-08-16,158.555172
2019-08-17,158.475862
2019-08-19,158.517931
2019-08-20,158.477586
2019-08-21,158.481379
2019-08-22,158.133793
2019-08-23,157.344483
2019-08-26,157.297241
2019-08-27,157.13069
2019-08-28,157.223103
2019-08-29,157.124138
2019-08-30,156.854138
2019-09-02,156.447241
2019-09-03,156.462759
2019-09-04,156.362069
2019-09-05,156.256897
2019-09-06,156.378276
2019-09-11,156.23069
2019-09-12,156.134483
2019-09-13,155.996552
2019-09-16,156.11069
2019-09-17,156.143793
2019-09-18,156.197931
2019-09-19,156.167931
2019-09-20,156.075517
2019-09-23,156.058621
2019-09-24,156.016552
2019-09-25,156.012069
2019-09-26,156.066552
2019-09-27,156.061379
2019-09-30,156.171724
2019-10-01,156.180345
2019-10-02,156.197586
2019-10-03,156.188276
2019-10-04,156.227586
2019-10-07,156.306552
2019-10-08,156.298276
2019-10-09,156.275862
2019-10-10,156.104828
2019-10-11,155.972069
2019-10-14,155.908621
2019-10-15,155.926552
2019-10-16,155.911035
2019-10-17,155.860345
2019-10-18,155.82
2019-10-21,155.825862
2019-10-22,155.768276
2019-10-23,155.781379
2019-10-24,155.784828
2019-10-25,155.762759
2019-10-28,155.741724
2019-10-29,155.715862
2019-10-30,155.657586
2019-10-31,155.612759
2019-11-01,155.611379
2019-11-04,155.552759
2019-11-05,155.52931
2019-11-06,155.546552
2019-11-07,155.526552
2019-11-08,155.456207
2019-11-11,155.494879
2019-11-12,155.375517
2019-11-13,155.34069
2019-11-14,155.343793
2019-11-15,155.34
2019-11-18,155.312069
2019-11-19,155.276207
2019-11-20,155.255862
2019-11-21,155.237931
2019-11-22,155.244483
2019-11-25,155.317586
2019-11-26,155.251035
2019-11-27,155.246552
2019-11-28,155.242414
2019-11-29,155.214828
2019-12-02,155.195333
2019-12-03,155.182667
2019-12-04,155.109833
2019-12-05,155.0745
2019-12-06,155.045167
2019-12-09,154.914
2019-12-10,154.867
2019-12-11,154.872333
2019-12-12,154.899667
2019-12-13,154.866667
2019-12-16,154.859333
2019-12-17,154.892333
2019-12-18,154.811667
2019-12-19,154.786
2019-12-20,154.783165
2019-12-23,154.817167
2019-12-24,154.811233
2019-12-26,154.809
2019-12-27,155.066833
2019-12-30,154.847667
2019-12-31,154.808667
2020-01-02,154.775172
2020-01-03,154.822759
2020-01-06,154.834828
2020-01-07,154.897931
2020-01-08,154.955517
2020-01-09,154.841379
2020-01-10,154.794483
2020-01-13,154.802069
2020-01-14,154.781035
2020-01-15,154.744138
2020-01-16,154.709655
2020-01-17,154.552069
2020-01-20,154.50069
2020-01-21,154.573793
2020-01-22,154.491724
2020-01-23,154.484138
2020-01-24,154.535172
2020-01-27,154.487931
2020-01-28,154.484828
2020-01-29,154.494138
2020-01-30,154.474138
2020-01-31,154.397586
2020-02-03,154.433103
2020-02-04,154.412069
2020-02-06,154.317586
2020-02-07,154.413103
2020-02-10,154.356897
2020-02-11,154.391379
2020-02-12,154.334138
2020-02-13,154.305517
2020-02-14,154.277931
2020-02-17,154.192414
2020-02-18,154.216552
2020-02-19,154.211724
2020-02-20,154.169138
2020-02-21,154.178276
2020-02-24,154.167241
2020-02-25,154.16931
2020-02-26,154.158276
2020-02-27,154.165862
2020-02-28,154.133276
2020-03-02,154.217586
2020-03-03,154.238966
2020-03-04,154.173449
2020-03-05,154.158277
2020-03-06,154.304828
2020-03-09,155.071379
2020-03-10,156.987931
2020-03-11,157.634483
2020-03-12,158.395862
2020-03-13,158.472069
2020-03-16,157.59
2020-03-17,158.33069
2020-03-18,158.343793
2020-03-19,158.412586
2020-03-20,158.293579
2020-03-24,158.400131
2020-03-25,159.807931
2020-03-26,163.022414
2020-03-27,166.351724
2020-03-30,165.26
2020-03-31,165.923103
2020-04-01,166.101035
2020-04-02,166.292414
2020-04-03,166.457586
2020-04-06,166.535517
2020-04-07,166.806207
2020-04-08,167.39931
2020-04-09,167.167241
2020-04-10,166.64
2020-04-13,166.416552
2020-04-14,166.544138
2020-04-15,166.54
2020-04-16,166.636207
2020-04-17,166.437241
2020-04-20,162.913103
2020-04-21,162.172414
2020-04-22,160.03069
2020-04-23,159.763793
2020-04-24,160.069655
2020-04-28,160.351724
2020-04-29,161.065517
2020-04-30,160.842414
2020-05-04,159.0975
2020-05-05,159.443571
2020-05-06,159.471786
2020-05-07,159.837143
2020-05-08,159.707143
2020-05-11,159.604643
2020-05-12,159.805714
2020-05-13,160.2375
2020-05-14,160.538929
2020-05-15,159.721786
2020-05-18,160.02567
2020-05-19,160.177857
2020-05-20,160.293571
2020-05-21,160.3775
2020-05-28,160.603214
2020-05-29,162.283571
2020-06-01,163.050594
2020-06-02,164.388525
2020-06-03,164.431974
2020-06-04,163.69956
2020-06-05,163.284043
2020-06-08,163.271284
2020-06-09,163.62979
2020-06-10,164.115307
2020-06-11,164.184387
2020-06-12,164.251859
2020-06-15,164.225307
2020-06-16,164.547721
2020-06-17,164.815652
2020-06-18,165.365307
2020-06-19,166.131169
2020-06-22,166.175652
2020-06-23,166.401514
2020-06-24,167.270135
2020-06-25,166.794962
2020-06-26,167.052203
2020-06-29,167.465652
2020-06-30,167.732439
2020-07-02,167.208276
2020-07-03,166.632414
2020-07-06,166.122759
2020-07-07,166.396897
2020-07-08,166.633793
2020-07-09,166.480345
2020-07-10,166.184962
2020-07-13,166.313448
2020-07-14,166.377586
2020-07-15,166.407931
2020-07-16,166.533103
2020-07-17,166.85
2020-07-20,167.263103
2020-07-21,167.847241
2020-07-22,167.563103
2020-07-23,167.401379
2020-07-24,167.36
2020-07-27,166.906207
2020-07-28,166.432069
2020-07-29,166.187931
2020-07-30,166.910345
2020-08-03,166.698966
2020-08-04,167.262069
2020-08-05,167.653448
2020-08-06,168.063793
2020-08-07,167.72931
2020-08-10,167.836552
2020-08-11,168.070345
2020-08-12,168.0
2020-08-13,167.878966
2020-08-17,167.886552
2020-08-18,167.873793
2020-08-19,167.97069
2020-08-20,168.016552
2020-08-21,168.041724
2020-08-24,168.108966
2020-08-25,168.16069
2020-08-26,168.208621
2020-08-27,167.387241
2020-08-28,166.893103
2020-08-31,166.386552
2020-09-01,165.564828
2020-09-02,165.393448
2020-09-03,165.573103
2020-09-04,165.694828
2020-09-07,165.603103
2020-09-08,165.895517
2020-09-09,166.175517
2020-09-10,166.254483
2020-09-11,166.029655
2020-09-14,165.827241
2020-09-15,166.022069
2020-09-16,166.133103
2020-09-17,166.208621
2020-09-18,165.701035
2020-09-21,165.758621
2020-09-22,166.085862
2020-09-23,166.008621
2020-09-24,165.933793
2020-09-25,165.637241
2020-09-28,165.95
2020-09-29,165.706552
2020-09-30,165.632759
2020-10-01,165.218966
2020-10-02,164.646207
2020-10-05,164.371379
2020-10-06,164.03931
2020-10-07,163.903103
2020-10-08,163.682069
2020-10-09,163.632759
2020-10-12,163.666379
2020-10-13,163.685862
2020-10-14,163.632414
2020-10-15,163.027241
2020-10-16,162.583103
2020-10-19,162.252414
2020-10-20,162.195862
2020-10-21,162.068621
2020-10-22,161.882069
2020-10-23,161.484138
2020-10-26,161.098621
2020-10-27,160.913793
2020-10-28,160.565172
2020-10-29,160.250345
2020-11-02,160.011724
2020-11-03,159.944138
2020-11-04,159.603793
2020-11-05,159.507931
2020-11-06,159.19
2020-11-09,158.838276
2020-11-10,158.64931
2020-11-11,158.448621
2020-11-12,158.218966
2020-11-13,158.08931
2020-11-16,157.983793
2020-11-17,158.031379
2020-11-18,158.582069
2020-11-19,159.875517
2020-11-20,160.46069
2020-11-23,160.613793
2020-11-24,160.608621
2020-11-25,159.499655
2020-11-26,158.966552
2020-11-27,159.136207
2020-11-30,159.196897
2020-12-01,159.21
2020-12-02,159.745517
2020-12-03,160.167241
2020-12-04,159.943448
2020-12-07,160.053448
2020-12-08,160.203103
2020-12-09,160.257241
2020-12-10,160.254828
2020-12-11,159.958966
2020-12-14,160.10069
2020-12-15,160.276207
2020-12-16,160.25
2020-12-17,160.055862
2020-12-18,159.875517
2020-12-21,160.091379
2020-12-22,160.400345
2020-12-23,160.421379
2020-12-24,160.140345
2020-12-28,160.283103
2020-12-29,160.196207
2020-12-30,160.094138
2020-12-31,159.770345
2021-01-04,159.764828
2021-01-05,159.922069
2021-01-06,160.111035
2021-01-07,160.045172
2021-01-08,159.838966
2021-01-11,160.031724
2021-01-12,160.132414
2021-01-13,160.145862
2021-01-14,160.018966
2021-01-15,160.047586
2021-01-18,160.148621
2021-01-19,160.254483
2021-01-20,160.257241
2021-01-21,160.306552
2021-01-22,160.375172
2021-01-25,160.542069
2021-01-26,160.469655
2021-01-27,160.443103
2021-01-28,160.203448
2021-01-29,160.012069
2021-02-01,160.028276
2021-02-02,160.036552
2021-02-03,160.003448
2021-02-04,159.963448
2021-02-08,159.74069
2021-02-09,159.283103
2021-02-10,159.141379
2021-02-11,159.015862
2021-02-12,158.721379
2021-02-15,158.667241
2021-02-16,159.132759
2021-02-17,159.194828
2021-02-18,158.894483
2021-02-19,158.788276
2021-02-22,158.911379
2021-02-23,158.831035
2021-02-24,158.673448
2021-02-25,158.405862
2021-02-26,158.062069
2021-03-01,157.972414
2021-03-02,157.856897
2021-03-03,157.275862
2021-03-04,156.989655
2021-03-05,156.883103
2021-03-08,156.974828
2021-03-09,156.941035
2021-03-10,156.815172
2021-03-11,156.963448
2021-03-12,156.926897
2021-03-15,156.871379
2021-03-16,156.675862
2021-03-17,156.050345
2021-03-18,155.066897
2021-03-19,155.574828
2021-03-22,155.747241
2021-03-24,155.423793
2021-03-25,154.994483
2021-03-26,154.667586
2021-03-29,154.168621
2021-03-30,153.275862
2021-03-31,152.538621
2021-04-01,152.545222
2021-04-02,152.976603
2021-04-05,153.333103
2021-04-06,153.261035
2021-04-07,152.974828
2021-04-08,152.874828
2021-04-09,152.747241
2021-04-12,152.767931
2021-04-13,152.650345
2021-04-15,152.605517
2021-04-16,152.614138
2021-04-19,152.664483
2021-04-20,152.721035
2021-04-21,152.867931
2021-04-22,153.004138
2021-04-23,153.461379
2021-04-26,153.660345
2021-04-27,154.05931
2021-04-28,154.022069
2021-04-29,153.333103
2021-04-30,153.46931
2021-05-03,153.07931
2021-05-04,153.198276
2021-05-05,152.934138
2021-05-06,152.646552
2021-05-07,152.164138
2021-05-17,152.260345
2021-05-18,152.485172
2021-05-19,152.80931
2021-05-20,153.127931
2021-05-21,153.217586
2021-05-24,153.242414
2021-05-25,153.817931
2021-05-26,154.306552
2021-05-27,154.831379
2021-05-28,154.394828
2021-05-31,154.168621
2021-06-01,154.161035
2021-06-02,154.363103
2021-06-03,154.497586
2021-06-04,154.405172
2021-06-07,154.559655
2021-06-08,155.158621
2021-06-09,155.632414
2021-06-10,155.505517
2021-06-11,155.634828
2021-06-14,155.644828
2021-06-15,156.123103
2021-06-16,156.496207
2021-06-17,156.606552
2021-06-18,156.515517
2021-06-21,156.891035
2021-06-22,157.441724
2021-06-23,157.98069
2021-06-24,157.754828
2021-06-25,157.325172
2021-06-28,157.624483
2021-06-29,157.962069
2021-06-30,157.31931
2021-07-02,157.471552
2021-07-05,157.688966
2021-07-06,158.042069
2021-07-07,158.213103
2021-07-08,158.875172
2021-07-09,159.03931
2021-07-12,159.101035
2021-07-13,159.168276
2021-07-14,159.146207
2021-07-15,158.874138
2021-07-16,159.374828
2021-07-19,160.191724
2021-07-23,161.487931
2021-07-26,161.329655
2021-07-27,160.612069
2021-07-28,161.224828
2021-07-29,161.359138
2021-07-30,161.628276
2021-08-02,162.507586
2021-08-03,163.656552
2021-08-04,163.371035
2021-08-05,163.212414
2021-08-06,163.08
2021-08-09,163.442414
2021-08-10,163.474138
2021-08-11,163.662759
2021-08-12,163.638621
2021-08-13,163.648276
2021-08-16,163.884483
2021-08-17,163.959655
2021-08-20,163.863793
2021-08-23,164.008966
2021-08-24,164.569655
2021-08-25,165.253103
2021-08-26,165.907241
2021-08-27,165.542414
2021-08-30,165.485517
2021-08-31,165.826207
2021-09-01,166.397241
2021-09-02,166.827931
2021-09-03,166.752759
2021-09-06,166.822069
2021-09-07,167.132759
2021-09-08,167.267586
2021-09-09,167.188276
2021-09-10,167.582414
2021-09-13,167.784483
2021-09-14,168.25069
2021-09-15,168.913103
2021-09-16,167.822414
2021-09-17,167.788276
2021-09-20,168.146552
2021-09-21,168.296207
2021-09-22,168.3
2021-09-23,168.523793
2021-09-24,168.821379
2021-09-27,169.0
2021-09-28,169.52069
2021-09-29,169.797931
2021-09-30,170.311724
2021-10-01,170.191035
2021-10-04,170.31
2021-10-05,170.543793
2021-10-06,170.58069
2021-10-07,170.715517
2021-10-08,170.384483
2021-10-11,170.348276
2021-10-12,170.702414
2021-10-13,170.847931
2021-10-14,170.95069
2021-10-15,170.993103
2021-10-18,171.725517
2021-10-20,172.735172
2021-10-21,173.12069
2021-10-22,173.84069
2021-10-25,173.897586
2021-10-26,174.364483
2021-10-27,173.823448
2021-10-28,172.18
2021-10-29,171.640345
2021-11-01,171.256207
2021-11-02,170.337586
2021-11-03,169.739655
2021-11-04,169.644483
2021-11-05,169.798276
2021-11-08,169.914828
2021-11-09,170.770345
2021-11-10,171.831035
2021-11-11,173.145862
2021-11-12,174.733793
2021-11-15,174.702759
2021-11-16,174.833793
2021-11-17,174.05069
2021-11-18,173.789655
2021-11-19,174.359655
2021-11-22,173.975517
2021-11-23,174.165172
2021-11-24,174.316207
2021-11-25,174.685517
2021-11-26,175.267931
2021-11-29,175.482759
2021-11-30,175.75931
2021-12-01,175.025517
2021-12-02,175.342414
2021-12-03,176.284138
2021-12-06,175.841035
2021-12-07,176.24069
2021-12-08,176.618966
2021-12-09,177.275172
2021-12-10,177.371379
2021-12-13,177.464828
2021-12-14,177.591379
2021-12-15,177.553103
2021-12-16,177.682069
2021-12-17,177.704483
2021-12-20,177.728621
2021-12-21,177.743103
2021-12-22,177.821035
2021-12-23,177.853448
2021-12-24,177.848966
2021-12-27,177.817931
2021-12-28,177.877586
2021-12-29,177.94931
2021-12-30,177.883793
2021-12-31,176.537241
2022-01-04,176.28931
2022-01-05,176.531379
2022-01-06,176.653448
2022-01-07,176.642759
2022-01-10,176.428621
2022-01-11,176.411724
2022-01-12,176.146552
2022-01-13,176.088276
2022-01-14,176.033103
2022-01-17,175.845862
2022-01-18,175.78069
2022-01-19,175.975172
2022-01-20,176.069655
2022-01-21,176.145862
2022-01-24,176.114828
2022-01-25,176.316552
2022-01-26,176.644138
2022-01-27,176.815172
2022-01-28,176.718276
2022-01-31,176.565517
2022-02-01,176.301552
2022-02-02,176.195345
2022-02-03,175.87569
2022-02-04,174.688793
2022-02-07,174.357759
2022-02-08,174.325345
2022-02-09,174.402241
2022-02-10,174.866379
2022-02-11,174.618448
2022-02-14,174.871897
2022-02-15,175.405
2022-02-16,175.589828
2022-02-17,175.329138
2022-02-18,175.370862
2022-02-21,175.719138
2022-02-22,175.809828
2022-02-23,176.030862
2022-02-24,176.097414
2022-02-25,176.73569
2022-02-28,177.05431
2022-03-01,177.333276
2022-03-02,177.371897
2022-03-03,177.557069
2022-03-04,177.546724
2022-03-07,177.750172
2022-03-08,178.212931
2022-03-09,178.487069
2022-03-10,178.441552
2022-03-11,178.441897
2022-03-14,178.615
2022-03-15,178.849483
2022-03-16,179.157069
2022-03-17,179.481552
2022-03-18,180.10431
2022-03-21,180.721207
2022-03-22,181.186034
2022-03-24,181.534655
2022-03-25,181.643966
2022-03-28,181.751207
2022-03-29,182.077414
2022-03-30,182.392241
2022-03-31,182.923276
2022-04-01,183.688793
2022-04-05,184.628103
2022-04-06,185.513966
2022-04-07,187.136379
2022-04-08,187.184655
2022-04-11,183.599828
2022-04-12,182.460862
2022-04-13,181.717069
2022-04-14,181.520517
2022-04-15,181.546034
2022-04-16,181.385
2022-04-18,181.584655
2022-04-19,182.736034
2022-04-20,184.892586
2022-04-21,186.06431
2022-04-22,186.94569
2022-04-23,186.450172
2022-04-25,186.013793
2022-04-26,185.851552
2022-04-27,185.596379
2022-04-28,185.482931
2022-04-29,185.598793
2022-04-30,185.472586
2022-05-06,185.703621
2022-05-09,186.970862
2022-05-10,187.683621
2022-05-11,189.243276
2022-05-12,190.685345
2022-05-13,192.210517
2022-05-16,192.883621
2022-05-17,194.788793
2022-05-18,196.733621
2022-05-19,199.173276
2022-05-20,200.226724
2022-05-23,200.410517
2022-05-24,200.468793
2022-05-25,201.482586
2022-05-26,201.796724
2022-05-27,200.587069
2022-05-30,199.109138
2022-05-31,198.849138
2022-06-01,197.933966
2022-06-02,197.662586
2022-06-03,197.563276
2022-06-06,198.513966
2022-06-07,201.236379
2022-06-08,201.732931
2022-06-09,201.155345
2022-06-10,201.216379
2022-06-13,202.887414
2022-06-14,204.205345
2022-06-15,205.525
2022-06-16,206.523966
2022-06-17,207.978448
2022-06-20,209.264138
2022-06-21,210.357586
2022-06-22,211.13
2022-06-23,208.998966
2022-06-24,207.393448
2022-06-27,207.041379
2022-06-28,207.262414
2022-06-29,205.875517
2022-06-30,204.624828
2022-07-04,204.326552
2022-07-05,205.110345
2022-07-06,206.928621
2022-07-07,207.772414
2022-07-13,207.996552
2022-07-14,209.587931
2022-07-15,209.530862
2022-07-18,211.560345
2022-07-19,217.420345
2022-07-20,223.920345
2022-07-21,225.978966
2022-07-22,227.543448
2022-07-25,229.175172
2022-07-26,231.418276
2022-07-27,234.639655
2022-07-28,237.57931
2022-07-29,239.941379
2022-08-01,239.267241
2022-08-02,238.655172
2022-08-03,233.655862
2022-08-04,225.059655
2022-08-05,224.475862
2022-08-10,222.417241
2022-08-11,219.672414
2022-08-12,216.087931
2022-08-15,213.873448
2022-08-16,213.14069
2022-08-17,213.715862
2022-08-18,214.845517
2022-08-19,214.927931
2022-08-22,215.174138
2022-08-23,216.546552
2022-08-24,217.891379
2022-08-25,218.913793
2022-08-26,219.894828
2022-08-29,221.141724
2022-08-30,220.290345
2022-08-31,218.964828
2022-09-01,217.791379
2022-09-02,218.554138
2022-09-05,219.19931
2022-09-06,220.288621
2022-09-07,221.946552
2022-09-08,224.377586
2022-09-09,227.034483
2022-09-12,229.149138
2022-09-13,230.72931
2022-09-14,232.812931
2022-09-15,235.207759
2022-09-16,236.28
2022-09-19,237.432759
2022-09-20,238.341379
2022-09-21,239.287931
2022-09-22,239.627586
2022-09-23,239.568966
2022-09-26,237.471838
2022-09-27,234.170345
2022-09-28,232.323448
2022-09-29,230.273679
2022-09-30,228.379828
2022-10-03,227.713793
2022-10-04,225.710345
2022-10-05,224.027586
2022-10-06,222.131034
2022-10-07,220.172414
2022-10-10,218.359655
2022-10-11,217.127241
2022-10-12,217.433448
2022-10-13,217.742069
2022-10-14,218.197586
2022-10-17,218.47069
2022-10-18,219.118966
2022-10-19,220.255517
2022-10-20,220.805172
2022-10-21,220.751724
2022-10-24,220.461897
2022-10-25,219.808966
2022-10-26,219.925172
2022-10-27,220.874483
2022-10-28,221.720345
2022-10-31,221.212931
2022-11-01,220.377586207
2022-11-02,220.731034483
2022-11-03,221.487931034
2022-11-04,221.69137931
2022-11-07,221.642413793
2022-11-08,221.303448276
2022-11-10,221.361955172
2022-11-11,221.381034483
2022-11-14,221.484482759
2022-11-15,221.572413793
2022-11-16,221.827586207
2022-11-17,222.360344828
2022-11-18,222.660344828
2022-11-21,223.211034483
2022-11-22,223.4
2022-11-23,223.363103448
2022-11-24,223.54
2022-11-25,223.799655172
2022-11-28,223.82
2022-11-29,223.817586207
2022-11-30,223.686206897
2022-12-01,223.703103
2022-12-02,223.552069
2022-12-05,223.611724
2022-12-06,223.817241
2022-12-07,223.987241
2022-12-08,224.021379
2022-12-09,224.201724
2022-12-12,224.336207
2022-12-13,224.508621
2022-12-14,224.534483
2022-12-15,224.544828
2022-12-16,224.462069
2022-12-19,224.793793
2022-12-20,224.838103
2022-12-21,225.12931
2022-12-22,225.222414
2022-12-23,225.425862
2022-12-26,225.648276
2022-12-27,225.862069
2022-12-28,226.101724
2022-12-29,226.17069
2022-12-30,226.3
2023-01-03,226.578275862
2023-01-04,226.90137931
2023-01-05,226.924137931
2023-01-06,227.090689655
2023-01-09,227.196551724
2023-01-10,227.59137931
2023-01-11,227.85
2023-01-12,227.939655172
2023-01-13,228.136206897
2023-01-16,228.186206897
2023-01-17,228.411724138
2023-01-18,228.671724138
2023-01-19,229.004482759
2023-01-20,229.347931034
2023-01-23,229.837931034
2023-01-24,230.30862069
2023-01-25,230.657931034
2023-01-26,243.682758621
2023-01-27,259.144827586
2023-01-30,265.488965517
2023-01-31,267.90362069
2023-02-01,267.140345
2023-02-02,269.392414
2023-02-03,273.056897
2023-02-06,275.275862
2023-02-07,275.658621
2023-02-08,274.460345
2023-02-09,270.235631
2023-02-10,270.265517
2023-02-13,269.27931
2023-02-14,268.046552
2023-02-15,266.030345
2023-02-16,264.683793
2023-02-17,263.016552
2023-02-20,261.717241
2023-02-21,261.97069
2023-02-22,261.862069
2023-02-23,260.82069
2023-02-24,260.341379
2023-02-27,259.712759
2023-02-28,260.561724
2023-03-01,263.582758621
2023-03-02,276.077586207
2023-03-03,278.540689655
2023-03-06,276.313793103
2023-03-07,276.606896552
2023-03-08,277.489655172
2023-03-09,280.710344828
2023-03-10,280.534482759
2023-03-13,280.975862069
2023-03-14,281.182758621
2023-03-15,282.198275862
2023-03-16,282.312068966
2023-03-17,281.746551724
2023-03-20,282.079310345
2023-03-21,283.29137931
2023-03-22,283.303448276
2023-03-27,283.365862069
2023-03-28,283.35137931
2023-03-29,283.366206897
2023-03-30,283.638965517
2023-03-31,283.583793103
2023-04-03,284.001724138
2023-04-04,285.620689655
2023-04-05,287.301724138
2023-04-06,286.227586207
2023-04-07,283.815517241
2023-04-10,285.35
2023-04-11,287.282758621
2023-04-12,287.879310345
2023-04-13,285.251724138
2023-04-14,284.39137931
2023-04-17,284.629310345
2023-04-18,283.965517241
2023-04-19,283.824137931
2023-04-20,283.636206897
2023-04-26,283.773448276
2023-04-27,283.55862069
2023-04-28,283.566551724
2023-05-02,283.741379
2023-05-03,283.744828
2023-05-04,283.726552
2023-05-05,283.712069
2023-05-08,283.694828
2023-05-09,283.875862
2023-05-10,286.743103
2023-05-11,292.598276
2023-05-12,285.889655
2023-05-15,284.97931
2023-05-16,284.963793
2023-05-17,284.881034
2023-05-18,285.462069
2023-05-19,285.534483
2023-05-22,286.043103
2023-05-23,286.606897
2023-05-24,287.136552
2023-05-25,286.288966
2023-05-26,285.218621
2023-05-29,285.193103
2023-05-30,285.425862
2023-05-31,285.231034
2023-06-01,285.227586207
2023-06-02,285.294827586
2023-06-05,285.667241379
2023-06-06,286.205172414
2023-06-07,286.463793103
2023-06-08,286.851724138
2023-06-09,286.686206897
2023-06-12,287.012758621
2023-06-13,287.570689655
2023-06-14,287.122413793
2023-06-15,286.981034483
2023-06-16,287.070689655
2023-06-19,287.10862069
2023-06-20,287.084482759
2023-06-21,286.942413793
2023-06-22,286.657241379
2023-06-23,286.462413793
2023-06-26,286.55
2023-06-27,286.137931034
2023-07-04,276.198275862
2023-07-05,275.836206897
2023-07-06,276.805172414
2023-07-07,277.163793103
2023-07-10,278.301724138
2023-07-11,279.213793103
2023-07-12,277.618965517
2023-07-13,275.724137931
2023-07-14,276.622413793
2023-07-17,277.993793103
2023-07-18,280.32
2023-07-19,282.696551724
2023-07-20,284.196551724
2023-07-21,285.113103448
2023-07-24,287.013793103
2023-07-25,288.05862069
2023-07-26,287.562068966
2023-07-27,286.368965517
2023-07-31,286.328965517
2023-08-01,286.716551724
2023-08-02,287.995172414
2023-08-03,288.083448276
2023-08-04,286.952068966
2023-08-07,286.931034483
2023-08-08,287.544827586
2023-08-09,287.65
2023-08-10,287.418965517
2023-08-11,287.727586207
2023-08-15,289.701724138
2023-08-16,292.472413793
2023-08-17,294.686551724
2023-08-18,295.148275862
2023-08-21,296.039655172
2023-08-22,297.524137931
2023-08-23,299.113793103
2023-08-24,299.704827586
2023-08-25,300.455172414
2023-08-28,301.291724138
2023-08-29,302.257586207
2023-08-30,303.514827586
2023-08-31,304.846896552
2023-09-01,305.490689655
2023-09-04,305.374137931
2023-09-05,306.103448276
2023-09-06,306.942068966
2023-09-07,305.268965517
2023-09-08,303.324137931
2023-09-11,301.486206897
2023-09-12,299.822068966
2023-09-13,298.805172414
2023-09-14,297.892241379
2023-09-15,297.08137931
2023-09-18,296.168965517
2023-09-19,294.894827586
2023-09-20,294.170689655
2023-09-21,293.017241379
2023-09-22,291.90862069
2023-09-25,290.88862069
2023-09-26,289.823793103
2023-09-27,288.735344828
2023-09-28,287.884827586
2023-10-02,286.929310345
2023-10-03,285.905172414
2023-10-04,284.756896552
2023-10-05,283.772413793
2023-10-06,282.643103448
2023-10-09,281.627241379
2023-10-10,280.618275862
2023-10-11,279.549655172
2023-10-12,278.627586207
2023-10-13,277.667241379
2023-10-16,276.627586207
2023-10-17,275.910344828
2023-10-18,278.196551724
2023-10-19,278.860344828
2023-10-20,278.398275862
2023-10-23,278.563103448
2023-10-24,278.892068966
2023-10-25,279.376224138
2023-10-26,279.650362069
2023-10-27,279.99862069
2023-10-30,280.43
2023-10-31,280.848275862
2023-11-01,281.517241379
2023-11-02,282.698275862
2023-11-03,283.451724138
2023-11-06,284.409655172
2023-11-07,285.718965517
2023-11-08,286.593103448
2023-11-10,286.773793103
2023-11-13,287.05
2023-11-14,287.534482759
2023-11-15,287.975862069
2023-11-16,287.374137931
2023-11-17,286.953448276
2023-11-20,286.133793103
2023-11-21,285.618275862
2023-11-22,285.209655172
2023-11-23,284.80137931
2023-11-24,285.077586207
2023-11-27,285.234482759
2023-11-28,285.486206897
2023-11-29,285.292068966
2023-11-30,285.031034483
2023-12-01,284.834482759
2023-12-04,284.591034483
2023-12-05,284.412758621
2023-12-06,284.181724138
2023-12-07,283.976896552
2023-12-08,283.875172414
2023-12-11,283.683793103
2023-12-12,283.704482759
2023-12-13,283.564482759
2023-12-14,283.406206897
2023-12-15,283.27862069
2023-12-18,283.09137931
2023-12-19,283.02137931
2023-12-20,282.827931034
2023-12-21,282.707586207
2023-12-22,282.533793103
2023-12-26,282.339655172
2023-12-27,282.246551724
2023-12-28,281.89137931
2023-12-29,281.752103448
2024-01-02,281.651724138
2024-01-03,281.694482759
2024-01-04,281.579310345
2024-01-05,281.45
2024-01-08,281.273103448
2024-01-09,281.172758621
2024-01-10,281.050344828
2024-01-11,280.953103448
2024-01-12,280.482413793
2024-01-15,280.141724138
2024-01-16,280.055172414
2024-01-17,279.996551724
2024-01-18,279.846551724
2024-01-19,279.743103448
2024-01-22,279.637586207
2024-01-23,279.593103448
2024-01-24,279.544482759
2024-01-25,279.522068966
2024-01-26,279.51
2024-01-29,279.430689655
2024-01-30,279.396206897
2024-01-31,279.328965517
2024-02-01,279.30862069
2024-02-02,279.273793103
2024-02-06,279.242758621
2024-02-07,279.197931034
2024-02-09,279.204827586
2024-02-12,279.165517241
2024-02-13,279.143103448
2024-02-14,279.146551724
2024-02-15,279.122413793
2024-02-16,279.148275862
2024-02-19,279.191034483
2024-02-20,279.296206897
2024-02-21,279.3
2024-02-22,279.247931034
2024-02-23,279.199655172
2024-02-26,279.148275862
2024-02-27,279.094482759
2024-02-28,279.063793103
2024-02-29,278.956551724
2024-03-01,279.022413793
2024-03-04,279.065517241
2024-03-05,279.236206897
2024-03-06,279.277586207
2024-03-07,279.273448276
2024-03-08,279.179310345
2024-03-11,279.063448276
2024-03-13,278.977931034
2024-03-14,278.863793103
2024-03-15,278.842758621
2024-03-18,278.746551724
2024-03-19,278.672413793
2024-03-20,278.603448276
2024-03-21,278.472413793
2024-03-22,278.392758621
2024-03-25,278.223793103
2024-03-26,278.115172414
2024-03-27,278.058275862
2024-03-28,278.024137931
2024-03-29,277.987931034
2024-04-01,277.962068966
2024-04-02,277.884482759
2024-04-03,277.85137931
2024-04-04,277.915517241
2024-04-05,277.911724138
2024-04-08,277.903103448
2024-04-09,277.897931034
2024-04-15,277.973793103
2024-04-16,278.132413793
2024-04-17,278.296206897
2024-04-18,278.304827586
2024-04-19,278.291034483
2024-04-22,278.270344828
2024-04-23,278.278965517
2024-04-24,278.296206897
2024-04-25,278.427241379
2024-04-26,278.391034483
2024-04-29,278.384137931
2024-04-30,278.334137931
2024-05-02,278.297931034
2024-05-03,278.270344828
2024-05-06,278.225517241
2024-05-07,278.175517241
2024-05-08,278.115862069
2024-05-09,278.124482759
2024-05-10,278.125862069
2024-05-13,278.14137931
2024-05-14,278.122068966
2024-05-15,278.186206897
2024-05-16,278.282413793
2024-05-17,278.267241379
2024-05-20,278.272413793
2024-05-21,278.312068966
2024-05-22,278.384137931
2024-05-23,278.360344828
2024-05-24,278.248275862
2024-05-27,278.243103448
2024-05-29,278.305172414
2024-05-30,278.39137931
2024-05-31,278.4
2024-06-03,278.347931034
2024-06-04,278.362068966
2024-06-05,278.329310345
2024-06-06,278.353448276
2024-06-07,278.299655172
2024-06-10,278.306896552
2024-06-11,278.408965517
2024-06-12,278.529310345
2024-06-13,278.565517241
2024-06-14,278.543103448
2024-06-20,278.555172414
2024-06-21,278.515517241
2024-06-24,278.575862069
2024-06-25,278.55862069
2024-06-26,278.45862069
2024-06-27,278.415517241
2024-06-28,278.332758621
2024-07-02,278.382413793
2024-07-03,278.393103448
2024-07-04,278.425862069
2024-07-05,278.405172414
2024-07-08,278.434482759
2024-07-09,278.429310345
2024-07-10,278.439655172
2024-07-11,278.507206897
2024-07-12,278.503448276
2024-07-15,278.3
2024-07-18,278.156896552
2024-07-19,278.174827586
2024-07-22,278.275862069
2024-07-23,278.344827586
2024-07-24,278.415517241
2024-07-25,278.415517241
2024-07-26,278.346551724
2024-07-29,278.384482759
2024-07-30,278.498275862
2024-07-31,278.59137931
2024-08-01,278.587931034
2024-08-02,278.513793103
2024-08-05,278.529310345
2024-08-06,278.594827586
2024-08-07,278.627586207
2024-08-08,278.610344828
2024-08-09,278.546551724
2024-08-12,278.577586207
2024-08-13,278.632758621
2024-08-15,278.615517241
2024-08-16,278.568965517
2024-08-19,278.486206897
2024-08-20,278.382758621
2024-08-21,278.427586207
2024-08-22,278.601724138
2024-08-23,278.59137931
2024-08-26,278.515517241
2024-08-27,278.446551724
2024-08-28,278.431034483
2024-08-29,278.522413793
2024-08-30,278.536206897
2024-09-02,278.59137931
2024-09-03,278.572413793
2024-09-04,278.663793103
2024-09-05,278.682758621
2024-09-06,278.622413793
2024-09-09,278.660344828
2024-09-10,278.677586207
2024-09-11,278.603448276
2024-09-12,278.532758621
2024-09-13,278.289655172
2024-09-16,278.225862069
2024-09-18,278.174137931
2024-09-19,278.087931034
2024-09-20,277.905172414
2024-09-23,277.875862069
2024-09-24,277.906896552
2024-09-25,277.834482759
2024-09-26,277.694827586
2024-09-27,277.618965517
2024-09-30,277.651724138
2024-10-01,277.647241379
2024-10-02,277.636896552
2024-10-03,277.647241379
2024-10-04,277.593103448
2024-10-07,277.567241379
2024-10-08,277.618965517
2024-10-09,277.644827586
2024-10-10,277.687931034
2024-10-11,277.660344828
2024-10-14,277.629310345
2024-10-15,277.665517241
2024-10-16,277.717241379
2024-10-17,277.736206897
2024-10-18,277.64137931
2024-10-21,277.65862069
2024-10-22,277.682758621
2024-10-23,277.698275862
2024-10-24,277.734482759
2024-10-25,277.677586207
2024-10-28,277.65862069
2024-10-29,277.693103448
2024-10-30,277.729310345
2024-10-31,277.793103448
2024-11-01,277.713793103
2024-11-04,277.737931034
2024-11-05,277.777586207
2024-11-06,277.806896552
2024-11-07,277.844827586
2024-11-08,277.789655172
2024-11-11,277.782758621
2024-11-12,277.831034483
2024-11-13,277.834482759
2024-11-14,277.746551724
2024-11-15,277.687931034
2024-11-18,277.736206897
2024-11-19,277.813793103
2024-11-20,277.94137931
2024-11-21,277.913793103
2024-11-22,277.805172414
2024-11-25,277.755172414
2024-11-26,277.77862069
2024-11-27,277.860344828
2024-11-28,277.90862069
2024-11-29,277.929310345
2024-12-02,277.906896552
2024-12-03,277.856896552
2024-12-04,277.834482759
2024-12-05,277.874137931
2024-12-06,277.920689655
2024-12-09,277.89137931
2024-12-10,277.920689655
2024-12-11,278.024137931
2024-12-12,278.070689655
2024-12-13,278.081034483
2024-12-16,278.056896552
2024-12-17,278.125862069
2024-12-18,278.144827586
2024-12-19,278.189655172
2024-12-20,278.268965517
2024-12-23,278.39137931
2024-12-24,278.412068966
2024-12-26,278.35862069
2024-12-27,278.324137931
2024-12-30,278.431034483
2024-12-31,278.443103448
2025-01-02,278.501724138
2025-01-03,278.515517241
2025-01-06,278.510344828
2025-01-07,278.560344828
2025-01-08,278.553448276
2025-01-09,278.567241379
2025-01-10,278.534482759
2025-01-13,278.55862069
2025-01-14,278.596551724
2025-01-15,278.64137931
2025-01-16,278.7
2025-01-17,278.684827586
2025-01-20,278.613793103
2025-01-21,278.686551724
2025-01-22,278.732758621
2025-01-23,278.675862069
2025-01-24,278.663793103
2025-01-27,278.727586207
2025-01-28,278.748275862
2025-01-29,278.751724138
2025-01-30,278.80862069
2025-01-31,278.840344828
2025-02-03,278.901724138
2025-02-04,278.910344828
2025-02-06,279.024137931
2025-02-07,279.067241379
2025-02-10,279.129310345
2025-02-11,279.153448276
2025-02-12,279.19137931
2025-02-13,279.251724138
2025-02-14,279.213793103
2025-02-17,279.222413793
2025-02-18,279.289655172
2025-02-19,279.355172414
2025-02-20,279.432758621
2025-02-21,279.481034483
2025-02-24,279.570689655
2025-02-25,279.668965517
2025-02-26,279.605172414
2025-02-27,279.65
2025-02-28,279.662068966
2025-03-04,279.718965517
2025-03-05,279.732758621
2025-03-06,279.812068966
2025-03-07,279.90862069
2025-03-10,279.934482759
2025-03-11,279.957586207
2025-03-12,279.95862069
2025-03-13,279.993103448
2025-03-14,280.105172414
2025-03-17,280.137931034
2025-03-18,280.198275862
2025-03-19,280.236206897
2025-03-20,280.227586207
2025-03-21,280.25862069
2025-03-24,280.303448276
2025-03-25,280.35862069
2025-03-26,280.306896552
2025-03-27,280.246551724
2025-03-28,280.193103448
2025-04-03,280.379310345
2025-04-04,280.484482759
2025-04-07,280.529310345
2025-04-08,280.643103448
2025-04-09,280.70862069
2025-04-10,280.662068966
2025-04-11,280.543103448
2025-04-14,280.587931034
2025-04-15,280.589655172
2025-04-16,280.50862069
2025-04-17,280.562068966
2025-04-18,280.653448276
2025-04-21,280.767241379
2025-04-22,280.756896552
2025-04-23,280.820689655
2025-04-24,281.010344828
2025-04-25,280.989655172
2025-04-28,281.039655172
2025-04-29,281.043103448
2025-04-30,280.996551724
2025-05-02,281.027586207
2025-05-05,281.137931034
2025-05-06,281.239655172
2025-05-07,281.437931034
2025-05-08,281.475862069
2025-05-09,281.624137931
2025-05-12,281.582758621
2025-05-13,281.575862069
2025-05-14,281.615517241
2025-05-15,281.60862069
2025-05-16,281.612068966
2025-05-19,281.663793103
2025-05-20,281.784482759
2025-05-21,281.9
2025-05-22,281.951724138
2025-05-23,281.960344828
2025-05-26,282.006896552
2025-05-27,282.063793103
2025-05-29,282.043103448
2025-05-30,282.013793103
2025-06-02,281.985714286
2025-06-03,282.025
2025-06-04,282.117857143
2025-06-05,282.133928571
2025-06-10,282.128571429
2025-06-11,282.303571429
2025-06-12,282.535714286
2025-06-13,282.771428571
2025-06-16,282.967857143
2025-06-17,283.216071429
2025-06-18,283.410714286
2025-06-19,283.546428571
2025-06-20,283.608928571
2025-06-23,283.676785714
2025-06-24,283.769642857
2025-06-25,283.723214286
2025-06-26,283.676785714
2025-06-27,283.675796429
2025-06-30,283.728571429
2025-07-02,283.830357143
2025-07-03,283.891071429
2025-07-04,283.901785714
2025-07-07,284.064285714
2025-07-08,284.256785714
2025-07-09,284.378571429
2025-07-10,284.476785714
2025-07-11,284.5125
2025-07-14,284.6125
2025-07-15,284.716071429
2025-07-16,284.839285714
2025-07-17,284.971428571
2025-07-18,284.9
2025-07-21,284.971428571
2025-07-22,285.019642857
2025-07-23,284.914285714
2025-07-24,284.441071429
2025-07-25,283.691071429
2025-07-28,283.267857143
2025-07-29,283.091071429
2025-07-30,283.0
2025-07-31,282.944642857
2025-08-01,282.778571429
2025-08-04,282.751785714
2025-08-05,282.655357143
2025-08-06,282.608928571
2025-08-07,282.630357143
2025-08-08,282.542857143
2025-08-11,282.528571429
2025-08-12,282.5
2025-08-13,282.351785714
2025-08-15,282.191071429
2025-08-18,282.071428571
2025-08-19,282.017857143
2025-08-20,281.985714286
2025-08-21,281.957142857
2025-08-22,281.935714286
2025-08-25,281.933928571
2025-08-26,281.896428571
2025-08-27,281.876785714
2025-08-28,281.857142857
2025-08-29,281.823214286
2025-09-01,281.821428571
2025-09-02,281.789285714
2025-09-03,281.807142857
2025-09-04,281.791071429
2025-09-05,281.75
2025-09-08,281.714285714
2025-09-09,281.696428571
2025-09-10,281.678571429
2025-09-11,281.671428571
2025-09-12,281.685714286
2025-09-15,281.657142857
2025-09-16,281.632142857
2025-09-17,281.617857143
2025-09-18,281.592857143
2025-09-19,281.582142857
2025-09-22,281.571428571
2025-09-23,281.559642857
2025-09-24,281.544642857
2025-09-25,281.546428571
2025-09-26,281.528571429
2025-09-29,281.5125
2025-09-30,281.489285714
2025-10-01,281.467857143
2025-10-02,281.446428571
2025-10-03,281.425
2025-10-06,281.408928571
2025-10-07,281.396428571
2025-10-08,281.376785714
2025-10-09,281.364285714
2025-10-10,281.326785714
2025-10-13,281.335714286
2025-10-14,281.305357143
2025-10-15,281.283928571
2025-10-16,281.28
2025-10-17,281.267857143
2025-10-20,281.250714286
2025-10-21,281.223214286
2025-10-22,281.223214286
2025-10-23,281.194642857
2025-10-24,281.144642857
2025-10-27,281.166071429
2025-10-28,281.119642857
2025-10-29,281.090357143
2025-10-30,281.027857143
2025-10-31,281.028928571
2025-11-03,281.02
2025-11-04,281.000714286
2025-11-05,280.9875
2025-11-06,280.996071429
2025-11-07,280.958928571
2025-11-10,280.950357143
2025-11-11,280.941428571
2025-11-12,280.94
2025-11-13,280.867857143
2025-11-14,280.898214286
2025-11-17,280.888571429
2025-11-18,280.866071429
2025-11-19,280.8475
2025-11-20,280.846428571
2025-11-21,280.817142857
2025-11-24,280.803571429
2025-11-25,280.785714286
2025-11-26,280.745357143
2025-11-27,280.666071429
2025-11-28,280.632142857
2025-12-01,280.637857143
2025-12-02,280.620357143
2025-12-03,280.618928571
2025-12-04,280.608928571
2025-12-05,280.622142857
2025-12-08,280.613214286
2025-12-09,280.626785714
2025-12-10,280.626428571
2025-12-11,280.618928571
2025-12-12,280.592857143
2025-12-15,280.591428571
2025-12-16,280.578571429
2025-12-17,280.566785714
2025-12-18,280.546785714
2025-12-19,280.535714286
2025-12-22,280.508928571
2025-12-23,280.473571429
2025-12-24,280.459285714
2025-12-26,280.388214286
2025-12-29,280.361071429
2025-12-30,280.369696429
2025-12-31,280.334642857
2026-01-02,280.3325
2026-01-05,280.335714286
2026-01-06,280.315110714
2026-01-07,280.280714286
2026-01-08,280.275
2026-01-09,280.254285714
2026-01-12,280.230714286
2026-01-13,280.201785714
2026-01-14,280.170357143
2026-01-15,280.161071429
2026-01-16,280.180357143
2026-01-19,280.124107143
2026-01-20,280.127142857
2026-01-21,280.109035714
2026-01-22,280.047142857
2026-01-23,280.07
2026-01-26,280.039285714
2026-01-27,280.022142857
2026-01-28,279.998571429
2026-01-29,279.991071429
2026-01-30,279.957857143
2026-02-02,279.923571
2026-02-03,279.905357
2026-02-04,279.884643
2026-02-06,279.880714
2026-02-09,279.910714
2026-02-10,279.857857
2026-02-11,279.853929
2026-02-12,279.833929
2026-02-13,279.816786
2026-02-16,279.798571
2026-02-17,279.7875
2026-02-18,279.809643
2026-02-20,279.748571
2026-02-23,279.7375
2026-02-24,279.713214
2026-02-25,279.698571
2026-02-26,279.694643
2026-02-27,279.670418
2026-03-02,279.641071
2026-03-03,279.651786
2026-03-04,279.618571
2026-03-05,279.612857
2026-03-06,279.594643
2026-03-09,279.586429
2026-03-10,279.566429
2026-03-11,279.560714
2026-03-12,279.534643
2026-03-13,279.508929
2026-03-16,279.510714
2026-03-17,279.4875
2026-03-18,279.482143
2026-03-19,279.473214
2026-03-24,279.425714
2026-03-25,279.394643
2026-03-26,279.4125
2026-03-27,279.394643
2026-03-30,279.389643
2026-03-31,279.378929
2026-04-01,279.351785714
2026-04-02,279.323214286
2026-04-03,279.314285714
2026-04-06,279.3
2026-04-07,279.276785714
2026-04-08,279.276785714
2026-04-09,279.291071429
2026-04-10,279.232142857
2026-04-13,279.230357143
2026-04-14,279.194642857
2026-04-15,279.180357143
2026-04-16,279.185714286
2026-04-17,279.148214286
2026-04-20,279.146428571
2026-04-21,279.117857143
2026-04-22,279.092857143
2026-04-23,279.080357143
2026-04-24,279.066071429
2026-04-27,279.035714286
2026-04-28,279.019642857
2026-04-29,279.016071429
2026-04-30,278.991071429
2026-05-04,278.969643
2026-05-05,278.946429
2026-05-06,278.919643
2026-05-07,278.907143
2026-05-08,278.9125
2026-05-11,278.891071
2026-05-12,278.916071
2026-05-13,278.866071
2026-05-14,278.842857
2026-05-15,278.826786
2026-05-18,278.821429
2026-05-19,278.798214
2026-05-20,278.791071
2026-05-21,278.776786
2026-05-22,278.753571
2026-05-25,278.719643
2026-05-29,278.698214
2026-06-01,278.717857
2026-06-02,278.708929
2026-06-03,278.701786
2026-06-04,278.675
2026-06-05,278.664286
2026-06-08,278.653571
2026-06-09,278.635714
2026-06-10,278.621429
2026-06-11,278.6125
2026-06-12,278.5875
2026-06-15,278.567857
2026-06-16,278.555357
2026-06-17,278.530357
2026-06-18,278.514286
2026-06-19,278.514286
2026-06-22,278.483929
2026-06-23,278.489286
2026-06-24,278.473214
2026-06-29,278.446429
2026-06-30,278.4375
2026-07-02,278.4125
2026-07-03,278.391071
2026-07-06,278.378571
2026-07-07,278.366071
2026-07-08,278.333929
2026-07-09,278.319643
2026-07-10,278.314286
2026-07-13,278.283929
2026-07-14,278.264286
2026-07-15,278.253571
2026-07-16,278.230357
2026-07-17,278.2125
2026-07-20,278.207143
2026-07-21,278.198214
2026-07-22,278.185714
2026-07-23,278.173214
2026-07-24,278.151786
2026-07-27,278.135714
2026-07-28,278.130357
2026-07-29,278.110714
2026-07-30,278.092857
2026-07-31,278.091071
2026-08-03,278.0839286
2026-08-04,278.0603571
2026-08-05,278.0357143
2026-08-06,278.0089286
2026-08-07,278.0278571
2026-08-10,277.9832143
2026-08-11,277.9535714
2026-08-12,277.9464286
2026-08-13,277.94
2026-08-17,277.9142857
2026-08-18,277.9035714
2026-08-19,277.8892857
2026-08-20,277.8535714
2026-08-21,277.8464286
2026-08-24,277.8392857
2026-08-25,277.8178571
2026-08-27,277.7910714
2026-08-28,277.7892857
2026-08-31,277.7714286
