symbol,date,open,high,low,close,volume,issues
ABL,2020-07-03,0.0,75.0,75.0,75.8,125000.0,open<=0
ABL,2022-12-12,0.0,63.75,63.75,63.75,500.0,open<=0
ABOT,2022-04-07,0.0,686.0,686.0,686.0,50.0,open<=0
ABOT,2024-02-09,0.0,0.0,0.0,436.0,500.0,open<=0; high<=0; low<=0
AHCL,2020-04-24,0.0,26.3,26.3,27.5,4500.0,open<=0
AHCL,2020-10-14,0.0,38.11,38.11,39.0,500.0,open<=0
AHCL,2021-04-01,0.0,35.76,35.76,35.76,5500.0,open<=0
AHCL,2021-10-25,0.0,0.0,0.0,35.38,0.0,open<=0; high<=0; low<=0
AHCL,2021-12-27,0.0,36.56,36.56,36.56,1000.0,open<=0
AHCL,2022-04-22,0.0,38.49,38.49,38.49,10000.0,open<=0
AHCL,2023-01-04,0.0,34.33,34.33,34.33,500.0,open<=0
AHCL,2023-09-14,0.0,0.0,0.0,26.8,500.0,open<=0; high<=0; low<=0
ATLH,2020-01-23,0.0,366.5,366.5,380.0,200.0,open<=0
ATLH,2020-03-30,0.0,350.0,350.0,355.0,200.0,open<=0
ATLH,2020-07-17,0.0,395.0,395.0,395.0,100.0,open<=0
ATLH,2021-03-18,0.0,449.99,449.99,449.99,100.0,open<=0
ATLH,2021-11-19,0.0,437.67,437.67,437.67,2600.0,open<=0
ATLH,2021-12-06,0.0,429.5,429.5,429.5,2400.0,open<=0
ATLH,2022-01-26,0.0,400.0,400.0,400.0,100.0,open<=0
ATLH,2022-04-04,0.0,393.0,393.0,393.0,100.0,open<=0
ATLH,2022-07-27,0.0,355.0,355.0,355.0,100.0,open<=0
ATLH,2022-08-26,0.0,342.0,342.0,342.0,900.0,open<=0
ATLH,2022-09-02,0.0,332.7,332.7,332.7,1100.0,open<=0
ATLH,2022-09-29,0.0,337.86,337.86,337.86,600.0,open<=0
ATLH,2022-10-27,0.0,339.99,339.99,339.99,1000.0,open<=0
ATLH,2022-10-31,0.0,335.0,335.0,335.0,600.0,open<=0
ATLH,2022-11-07,0.0,329.0,329.0,329.0,5000.0,open<=0
ATLH,2022-11-10,0.0,338.99,338.99,338.99,5800.0,open<=0
ATLH,2022-11-11,0.0,338.99,338.99,338.99,1000.0,open<=0
ATLH,2022-12-27,0.0,299.0,299.0,299.0,200.0,open<=0
ATLH,2023-04-26,0.0,264.0,264.0,264.0,53900.0,open<=0
ATLH,2023-09-21,0.0,0.0,0.0,276.5,3100.0,open<=0; high<=0; low<=0
ATLH,2024-03-12,0.0,0.0,0.0,390.24,600.0,open<=0; high<=0; low<=0
BNWM,2020-04-22,0.0,35.5,35.5,35.5,14000.0,open<=0
BNWM,2020-06-25,33.5,33.5,0.0,33.5,500.0,low<=0
BNWM,2021-10-29,0.0,0.0,0.0,42.49,0.0,open<=0; high<=0; low<=0
BNWM,2021-11-08,0.0,42.35,42.35,42.35,500.0,open<=0
BNWM,2022-08-19,0.0,32.41,32.41,32.41,2000.0,open<=0
BNWM,2023-05-31,0.0,0.0,0.0,22.43,1500.0,open<=0; high<=0; low<=0
BNWM,2023-06-19,0.0,0.0,0.0,22.77,4000.0,open<=0; high<=0; low<=0
BNWM,2023-06-20,0.0,0.0,0.0,22.7,0.0,open<=0; high<=0; low<=0
BNWM,2023-06-27,0.0,0.0,0.0,22.38,0.0,open<=0; high<=0; low<=0
BNWM,2024-04-04,0.0,0.0,0.0,24.98,8500.0,open<=0; high<=0; low<=0
BNWM,2024-05-24,0.0,0.0,0.0,28.6,500.0,open<=0; high<=0; low<=0
BNWM,2024-06-21,0.0,0.0,0.0,27.25,5000.0,open<=0; high<=0; low<=0
BNWM,2024-07-03,0.0,0.0,0.0,26.0,40500.0,open<=0; high<=0; low<=0
BWCL,2020-02-11,0.0,103.89,103.89,102.0,100.0,open<=0
BWCL,2021-04-01,0.0,157.05,157.05,157.05,1000.0,open<=0
BWCL,2023-01-20,0.0,121.96,121.96,121.96,100.0,open<=0
COLG,2020-03-16,0.0,2366.94,2366.94,2366.94,0.0,open<=0
COLG,2020-03-17,0.0,2249.39,2249.39,2249.39,0.0,open<=0
COLG,2020-03-18,0.0,2216.37,2216.37,2216.37,0.0,open<=0
COLG,2020-03-19,0.0,2170.66,2170.66,2170.66,0.0,open<=0
COLG,2020-06-03,0.0,2083.0,2083.0,2249.0,60.0,open<=0
COLG,2020-08-20,0.0,2350.0,2350.0,2400.0,20.0,open<=0
COLG,2020-10-26,0.0,2900.0,2900.0,2835.0,20.0,open<=0
COLG,2021-02-24,0.0,2850.0,2850.0,2850.0,20.0,open<=0
COLG,2021-04-14,0.0,2750.0,2750.0,2750.0,60.0,open<=0
COLG,2021-07-12,0.0,2643.99,2643.99,2643.99,340.0,open<=0
COLG,2021-12-31,0.0,2277.01,2277.01,2277.01,20.0,open<=0
COLG,2022-03-31,0.0,2300.0,2300.0,2300.0,60.0,open<=0
COLG,2022-04-05,0.0,2299.99,2299.99,2299.99,20.0,open<=0
FHAM,2020-04-24,0.0,9.28,9.28,9.25,500.0,open<=0
FHAM,2020-07-28,0.0,10.4,10.4,10.3,500.0,open<=0
FHAM,2020-08-11,0.0,10.58,10.58,10.75,1500.0,open<=0
FHAM,2022-01-05,0.0,9.2,9.2,9.2,500.0,open<=0
FHAM,2022-06-13,0.0,9.74,9.74,9.74,1000.0,open<=0
FHAM,2023-03-10,0.0,7.0,7.0,7.0,5000.0,open<=0
FHAM,2023-05-11,0.0,7.2,7.2,7.2,1000.0,open<=0
GADT,2020-02-20,0.0,237.99,237.99,233.62,100.0,open<=0
GADT,2020-05-11,0.0,158.9,158.9,155.0,17000.0,open<=0
GADT,2021-03-29,0.0,240.4,240.4,240.4,1000.0,open<=0
GADT,2021-06-15,0.0,241.0,241.0,241.0,1500.0,open<=0
GADT,2021-06-16,0.0,241.0,241.0,241.0,1500.0,open<=0
GADT,2021-10-08,0.0,254.97,254.97,254.97,100.0,open<=0
GADT,2022-05-18,0.0,280.0,280.0,280.0,1000.0,open<=0
GADT,2022-05-20,0.0,280.0,280.0,280.0,500.0,open<=0
GADT,2022-06-16,0.0,272.0,272.0,272.0,3100.0,open<=0
GADT,2022-09-30,0.0,230.5,230.5,230.5,7900.0,open<=0
GADT,2022-11-15,0.0,259.0,259.0,259.0,8500.0,open<=0
GADT,2022-12-07,0.0,258.0,258.0,258.0,10000.0,open<=0
GADT,2023-01-18,0.0,233.0,233.0,233.0,500.0,open<=0
GADT,2023-03-06,0.0,212.5,212.5,212.5,2000.0,open<=0
GADT,2023-03-21,0.0,209.0,209.0,209.0,10000.0,open<=0
GADT,2023-06-06,0.0,0.0,0.0,239.97,200.0,open<=0; high<=0; low<=0
GADT,2023-06-26,0.0,0.0,0.0,243.45,200.0,open<=0; high<=0; low<=0
GADT,2023-10-13,0.0,0.0,0.0,201.0,200.0,open<=0; high<=0; low<=0
GADT,2024-01-04,0.0,0.0,0.0,209.06,1500.0,open<=0; high<=0; low<=0
GADT,2024-03-06,0.0,0.0,0.0,186.0,200.0,open<=0; high<=0; low<=0
GADT,2024-03-11,0.0,0.0,0.0,197.0,500.0,open<=0; high<=0; low<=0
GADT,2024-03-28,0.0,0.0,0.0,172.05,6000.0,open<=0; high<=0; low<=0
GADT,2024-10-09,0.0,0.0,0.0,180.0,12.0,open<=0; high<=0; low<=0
GHGL,2020-05-08,0.0,41.5,41.5,41.46,1000.0,open<=0
HALEON,2023-08-21,0.0,0.0,0.0,160.21,500.0,open<=0; high<=0; low<=0
HGFA,2020-04-14,0.0,8.75,8.75,8.06,500.0,open<=0
HGFA,2020-04-22,0.0,7.3,7.3,7.55,39000.0,open<=0
HGFA,2020-05-06,0.0,7.8,7.8,7.78,1000000.0,open<=0
HGFA,2020-09-15,0.0,11.01,11.01,11.48,500.0,open<=0
HGFA,2021-06-23,0.0,8.01,8.01,8.01,9000.0,open<=0
HGFA,2021-08-17,0.0,8.99,8.99,8.99,15000.0,open<=0
HGFA,2021-10-25,0.0,0.0,0.0,7.61,0.0,open<=0; high<=0; low<=0
HGFA,2022-06-06,0.0,5.6,5.6,5.6,4500.0,open<=0
HGFA,2023-04-04,0.0,4.25,4.25,4.25,10500.0,open<=0
HGFA,2023-06-16,0.0,0.0,0.0,3.8,2000.0,open<=0; high<=0; low<=0
IBFL,2020-02-07,0.0,60.01,60.01,60.01,0.0,open<=0
IBFL,2020-03-06,0.0,60.03,60.03,60.03,0.0,open<=0
IBFL,2020-03-11,0.0,60.1,60.1,60.0,500.0,open<=0
IBFL,2020-08-03,0.0,60.0,60.0,60.0,500.0,open<=0
IBFL,2020-09-04,0.0,60.1,60.1,60.1,2500.0,open<=0
IBFL,2021-02-09,0.0,108.0,108.0,108.0,500.0,open<=0
IBFL,2021-02-17,0.0,0.0,0.0,100.61,0.0,open<=0; high<=0; low<=0
IBFL,2021-02-24,0.0,0.0,0.0,100.07,0.0,open<=0; high<=0; low<=0
IBFL,2021-09-29,0.0,156.01,156.01,156.01,100.0,open<=0
IBFL,2021-11-16,0.0,0.0,0.0,165.0,0.0,open<=0; high<=0; low<=0
IBFL,2022-01-26,0.0,170.0,170.0,170.0,100.0,open<=0
IBFL,2022-05-19,0.0,170.0,170.0,170.0,500.0,open<=0
IBFL,2022-06-17,0.0,170.0,170.0,170.0,900.0,open<=0
IBFL,2022-11-07,0.0,0.0,0.0,200.02,0.0,open<=0; high<=0; low<=0
IBFL,2023-02-02,0.0,220.0,220.0,220.0,500000.0,open<=0
IBFL,2023-04-19,0.0,0.0,0.0,190.0,0.0,open<=0; high<=0; low<=0
IBFL,2023-05-10,0.0,0.0,0.0,250.0,0.0,open<=0; high<=0; low<=0
IBFL,2023-09-22,0.0,0.0,0.0,266.56,0.0,open<=0; high<=0; low<=0
IBFL,2023-10-06,0.0,0.0,0.0,250.0,500.0,open<=0; high<=0; low<=0
IBFL,2024-05-03,0.0,0.0,0.0,399.98,0.0,open<=0; high<=0; low<=0
IBFL,2024-08-30,0.0,0.0,0.0,350.0,0.0,open<=0; high<=0; low<=0
IBFL,2024-09-13,0.0,0.0,0.0,350.01,0.0,open<=0; high<=0; low<=0
IBFL,2025-02-28,0.0,0.0,0.0,351.15,1.0,open<=0; high<=0; low<=0
IBFL,2025-06-18,0.0,0.0,0.0,342.75,110.0,open<=0; high<=0; low<=0
JDWS,2020-03-26,0.0,279.97,279.97,279.97,0.0,open<=0
JDWS,2020-04-23,0.0,267.15,267.15,267.15,0.0,open<=0
JDWS,2020-06-18,0.0,256.13,256.13,256.13,0.0,open<=0
JDWS,2021-03-17,0.0,229.6,229.6,229.6,100.0,open<=0
JDWS,2021-06-21,0.0,233.98,233.98,233.98,900.0,open<=0
JDWS,2021-06-22,0.0,233.98,233.98,233.98,900.0,open<=0
JDWS,2021-10-29,0.0,0.0,0.0,207.0,0.0,open<=0; high<=0; low<=0
JDWS,2022-06-17,0.0,230.0,230.0,230.0,400.0,open<=0
JDWS,2022-11-23,0.0,444.0,444.0,444.0,100.0,open<=0
JDWS,2022-11-24,0.0,444.0,444.0,444.0,4000.0,open<=0
JDWS,2022-12-06,0.0,416.28,416.28,416.28,1000.0,open<=0
JDWS,2023-01-30,0.0,356.6,356.6,356.6,100.0,open<=0
JDWS,2023-02-09,0.0,0.0,0.0,309.57,0.0,open<=0; high<=0; low<=0
JDWS,2023-09-12,0.0,0.0,0.0,350.0,100.0,open<=0; high<=0; low<=0
JDWS,2023-10-05,0.0,0.0,0.0,375.83,0.0,open<=0; high<=0; low<=0
JDWS,2024-02-06,0.0,0.0,0.0,452.0,1000.0,open<=0; high<=0; low<=0
JDWS,2024-03-27,0.0,0.0,0.0,450.0,100.0,open<=0; high<=0; low<=0
JDWS,2024-04-18,0.0,0.0,0.0,440.0,100.0,open<=0; high<=0; low<=0
JVDC,2020-02-19,0.0,24.1,24.1,24.1,90000.0,open<=0
JVDC,2020-03-04,0.0,25.0,25.0,25.0,200000.0,open<=0
JVDC,2020-04-10,0.0,23.05,23.05,24.0,500.0,open<=0
JVDC,2020-10-13,0.0,22.3,22.3,21.21,500.0,open<=0
JVDC,2020-10-14,0.0,22.0,22.0,21.21,1000.0,open<=0
JVDC,2020-10-16,0.0,23.93,23.93,22.77,500.0,open<=0
JVDC,2020-11-24,0.0,22.35,22.35,21.3,500.0,open<=0
JVDC,2020-12-17,0.0,23.51,23.51,24.59,2000.0,open<=0
JVDC,2022-01-07,0.0,50.5,50.5,50.5,30000.0,open<=0
JVDC,2022-04-06,0.0,47.51,47.51,47.51,50000.0,open<=0
JVDC,2022-04-07,0.0,47.51,47.51,47.51,50500.0,open<=0
JVDC,2022-06-30,0.0,42.0,42.0,42.0,1000.0,open<=0
JVDC,2022-10-17,0.0,52.26,52.26,52.26,8000.0,open<=0
JVDC,2023-02-13,0.0,47.0,47.0,47.0,500.0,open<=0
JVDC,2023-04-05,0.0,43.39,43.39,43.39,6500.0,open<=0
JVDC,2023-04-06,0.0,43.39,43.39,43.39,3000.0,open<=0
JVDC,2023-04-07,0.0,43.39,43.39,43.39,500.0,open<=0
JVDC,2023-05-19,0.0,0.0,0.0,41.0,4000.0,open<=0; high<=0; low<=0
JVDC,2023-07-18,0.0,0.0,0.0,38.0,10000.0,open<=0; high<=0; low<=0
JVDC,2023-07-24,0.0,0.0,0.0,38.0,500.0,open<=0; high<=0; low<=0
JVDC,2023-08-18,0.0,0.0,0.0,39.4,500.0,open<=0; high<=0; low<=0
JVDC,2023-08-21,0.0,0.0,0.0,39.4,500.0,open<=0; high<=0; low<=0
JVDC,2023-09-18,0.0,0.0,0.0,38.0,1000.0,open<=0; high<=0; low<=0
JVDC,2023-09-19,0.0,0.0,0.0,38.0,500.0,open<=0; high<=0; low<=0
JVDC,2024-02-23,0.0,0.0,0.0,33.07,0.0,open<=0; high<=0; low<=0
KOHC,2022-07-06,0.0,128.46,128.46,128.46,76600.0,open<=0
KTML,2020-06-02,0.0,33.9,33.9,33.07,1000.0,open<=0
KTML,2021-04-02,0.0,60.75,60.75,60.75,5500.0,open<=0
KTML,2021-10-25,0.0,0.0,0.0,74.0,0.0,open<=0; high<=0; low<=0
KTML,2021-11-09,0.0,74.0,74.0,74.0,32500.0,open<=0
KTML,2022-01-06,0.0,65.94,65.94,65.94,3000.0,open<=0
KTML,2022-01-14,0.0,65.5,65.5,65.5,525000.0,open<=0
KTML,2022-05-24,0.0,58.06,58.06,58.06,30000.0,open<=0
KTML,2022-08-01,0.0,47.66,47.66,47.66,35500.0,open<=0
KTML,2022-08-11,0.0,52.9,52.9,52.9,20000.0,open<=0
KTML,2023-05-30,0.0,0.0,0.0,52.39,298500.0,open<=0; high<=0; low<=0
KTML,2023-10-26,0.0,0.0,0.0,65.26,225001.0,open<=0; high<=0; low<=0
KTML,2024-09-23,0.0,0.0,0.0,74.0,0.0,open<=0; high<=0; low<=0
LCI,2022-11-07,0.0,700.0,700.0,700.0,650.0,open<=0
MEHT,2020-07-29,0.0,559.87,559.87,559.87,0.0,open<=0
MEHT,2020-07-30,0.0,547.44,547.44,547.44,0.0,open<=0
MEHT,2020-08-04,0.0,535.45,535.45,535.45,0.0,open<=0
MEHT,2020-08-07,0.0,495.29,495.29,495.3,200.0,open<=0
MEHT,2021-09-02,0.0,0.0,0.0,489.55,0.0,open<=0; high<=0; low<=0
MEHT,2021-09-09,0.0,0.0,0.0,486.39,0.0,open<=0; high<=0; low<=0
MEHT,2021-09-15,0.0,0.0,0.0,482.63,0.0,open<=0; high<=0; low<=0
MEHT,2021-09-17,0.0,0.0,0.0,478.92,0.0,open<=0; high<=0; low<=0
MEHT,2021-09-20,0.0,0.0,0.0,477.17,0.0,open<=0; high<=0; low<=0
MEHT,2021-09-24,0.0,0.0,0.0,470.0,0.0,open<=0; high<=0; low<=0
MEHT,2022-03-08,0.0,0.0,0.0,794.65,0.0,open<=0; high<=0; low<=0
MEHT,2022-05-16,0.0,0.0,0.0,828.2,0.0,open<=0; high<=0; low<=0
MEHT,2022-06-10,0.0,0.0,0.0,863.34,0.0,open<=0; high<=0; low<=0
MEHT,2022-06-13,0.0,0.0,0.0,801.48,0.0,open<=0; high<=0; low<=0
MEHT,2022-06-15,0.0,0.0,0.0,750.22,0.0,open<=0; high<=0; low<=0
MEHT,2022-06-16,0.0,750.22,750.22,750.22,900.0,open<=0
MEHT,2022-06-23,0.0,0.0,0.0,806.48,0.0,open<=0; high<=0; low<=0
MEHT,2022-08-30,0.0,0.0,0.0,929.98,0.0,open<=0; high<=0; low<=0
MEHT,2022-09-01,0.0,0.0,0.0,923.28,0.0,open<=0; high<=0; low<=0
MEHT,2022-10-14,0.0,0.0,0.0,897.33,0.0,open<=0; high<=0; low<=0
MEHT,2022-11-04,0.0,0.0,0.0,880.0,0.0,open<=0; high<=0; low<=0
MEHT,2022-12-20,0.0,0.0,0.0,883.42,0.0,open<=0; high<=0; low<=0
MEHT,2023-03-24,0.0,0.0,0.0,880.82,0.0,open<=0; high<=0; low<=0
MEHT,2023-04-03,0.0,0.0,0.0,859.98,0.0,open<=0; high<=0; low<=0
MEHT,2023-05-16,0.0,0.0,0.0,922.67,0.0,open<=0; high<=0; low<=0
MEHT,2023-05-18,0.0,0.0,0.0,922.09,0.0,open<=0; high<=0; low<=0
MEHT,2023-11-02,0.0,0.0,0.0,512.53,0.0,open<=0; high<=0; low<=0
MEHT,2024-09-03,0.0,0.0,0.0,639.25,0.0,open<=0; high<=0; low<=0
MEHT,2024-09-06,0.0,0.0,0.0,614.47,0.0,open<=0; high<=0; low<=0
MEHT,2024-09-13,0.0,0.0,0.0,614.47,0.0,open<=0; high<=0; low<=0
MEHT,2024-09-16,0.0,0.0,0.0,614.47,0.0,open<=0; high<=0; low<=0
MEHT,2024-09-18,0.0,0.0,0.0,614.47,0.0,open<=0; high<=0; low<=0
MEHT,2024-09-20,0.0,0.0,0.0,614.47,0.0,open<=0; high<=0; low<=0
MEHT,2024-09-23,0.0,0.0,0.0,614.47,0.0,open<=0; high<=0; low<=0
MEHT,2024-09-24,0.0,0.0,0.0,614.47,0.0,open<=0; high<=0; low<=0
MEHT,2024-11-15,0.0,0.0,0.0,537.18,1.0,open<=0; high<=0; low<=0
MUREB,2021-03-05,0.0,550.2,550.2,550.2,3500.0,open<=0
MUREB,2021-04-28,0.0,541.51,541.51,541.51,4100.0,open<=0
MUREB,2021-10-05,0.0,490.0,490.0,490.0,1800.0,open<=0
MUREB,2021-11-25,0.0,475.0,475.0,475.0,1000.0,open<=0
MUREB,2022-06-06,0.0,410.0,410.0,410.0,53000.0,open<=0
MUREB,2022-12-07,0.0,351.75,351.75,351.75,1700.0,open<=0
MUREB,2023-01-06,0.0,359.99,359.99,359.99,100.0,open<=0
MUREB,2023-08-29,0.0,0.0,0.0,292.6,1200.0,open<=0; high<=0; low<=0
NESTLE,2020-01-31,0.0,7950.0,7950.0,7950.0,0.0,open<=0
NESTLE,2020-02-07,0.0,7473.0,7473.0,7950.0,1440.0,open<=0
NESTLE,2020-03-17,0.0,7202.14,7202.14,7202.14,0.0,open<=0
NESTLE,2020-05-28,0.0,6600.0,6600.0,7130.0,20.0,open<=0
NESTLE,2020-06-02,0.0,6999.0,6999.0,6753.33,20.0,open<=0
NESTLE,2020-12-14,0.0,6700.0,6700.0,6819.48,100.0,open<=0
NESTLE,2021-10-25,0.0,0.0,0.0,5720.0,0.0,open<=0; high<=0; low<=0
NESTLE,2022-04-08,0.0,5500.0,5500.0,5500.0,200.0,open<=0
NESTLE,2022-06-10,0.0,5775.1,5775.1,5775.1,20.0,open<=0
NESTLE,2022-11-16,0.0,5900.0,5900.0,5900.0,20.0,open<=0
NESTLE,2023-06-16,0.0,0.0,0.0,6550.0,80.0,open<=0; high<=0; low<=0
NESTLE,2023-09-25,0.0,0.0,0.0,7000.0,1500.0,open<=0; high<=0; low<=0
NESTLE,2023-10-09,0.0,0.0,0.0,7100.0,600.0,open<=0; high<=0; low<=0
NPL,2020-05-11,0.0,20.0,20.0,20.17,500.0,open<=0
NPL,2021-10-25,0.0,0.0,0.0,18.16,5000.0,open<=0; high<=0; low<=0
PAKT,2020-11-17,0.0,1506.0,1506.0,1505.21,20.0,open<=0
PAKT,2020-12-03,0.0,1530.0,1530.0,1600.0,20.0,open<=0
PAKT,2021-02-18,0.0,1530.3,1530.3,1530.3,20.0,open<=0
PAKT,2021-03-09,0.0,1569.9,1569.9,1569.9,20.0,open<=0
PAKT,2021-04-22,0.0,1538.0,1538.0,1538.0,440.0,open<=0
PAKT,2021-09-20,0.0,1196.0,1196.0,1196.0,400.0,open<=0
PAKT,2021-10-29,0.0,0.0,0.0,1165.0,0.0,open<=0; high<=0; low<=0
PAKT,2022-01-12,0.0,1153.45,1153.45,1153.45,20.0,open<=0
PAKT,2022-10-18,0.0,0.0,0.0,761.23,0.0,open<=0; high<=0; low<=0
PAKT,2023-09-13,0.0,0.0,0.0,707.0,300.0,open<=0; high<=0; low<=0
PAKT,2023-11-30,0.0,0.0,0.0,1100.0,100.0,open<=0; high<=0; low<=0
PGLC,2020-01-20,0.0,14.0,14.0,14.0,0.0,open<=0
PGLC,2020-03-05,0.0,13.0,13.0,13.0,0.0,open<=0
PGLC,2020-06-01,0.0,12.57,12.57,12.57,0.0,open<=0
PGLC,2020-06-03,0.0,12.0,12.0,12.0,0.0,open<=0
PGLC,2020-07-20,0.0,14.97,14.97,14.97,0.0,open<=0
PGLC,2020-07-21,0.0,14.22,14.22,14.22,0.0,open<=0
PGLC,2020-07-24,0.0,14.06,14.06,14.06,0.0,open<=0
PGLC,2020-08-11,0.0,13.88,13.88,15.0,500.0,open<=0
PGLC,2020-08-19,0.0,14.81,14.81,14.81,0.0,open<=0
PGLC,2020-08-21,0.0,14.8,14.8,14.8,0.0,open<=0
PGLC,2020-08-24,0.0,13.96,13.96,13.96,0.0,open<=0
PGLC,2020-08-26,0.0,13.76,13.76,13.76,0.0,open<=0
PGLC,2020-08-27,0.0,13.74,13.74,13.74,0.0,open<=0
PGLC,2020-09-01,0.0,13.69,13.69,13.74,2500.0,open<=0
PGLC,2020-11-25,0.0,14.77,14.77,14.77,0.0,open<=0
PGLC,2020-11-26,0.0,14.67,14.67,14.67,0.0,open<=0
PGLC,2021-04-09,0.0,0.0,0.0,7.38,0.0,open<=0; high<=0; low<=0
PGLC,2021-04-12,0.0,0.0,0.0,8.38,0.0,open<=0; high<=0; low<=0
PGLC,2021-04-16,0.0,8.35,8.35,8.35,9000.0,open<=0
PGLC,2021-04-19,0.0,8.35,8.35,8.35,12000.0,open<=0
PGLC,2021-04-20,0.0,8.35,8.35,8.35,9000.0,open<=0
PGLC,2021-06-02,0.0,8.51,8.51,8.51,73000.0,open<=0
PGLC,2021-06-07,0.0,9.02,9.02,9.02,8000.0,open<=0
PGLC,2021-10-25,0.0,0.0,0.0,6.34,0.0,open<=0; high<=0; low<=0
PGLC,2021-11-15,0.0,0.0,0.0,7.83,0.0,open<=0; high<=0; low<=0
PGLC,2021-11-16,0.0,0.0,0.0,7.67,0.0,open<=0; high<=0; low<=0
PGLC,2022-02-28,0.0,0.0,0.0,7.22,0.0,open<=0; high<=0; low<=0
PGLC,2022-03-01,0.0,7.22,7.22,7.22,10500.0,open<=0
PGLC,2024-09-05,0.0,0.0,0.0,9.08,0.0,open<=0; high<=0; low<=0
PGLC,2024-09-19,0.0,0.0,0.0,8.73,0.0,open<=0; high<=0; low<=0
PKGS,2021-08-20,0.0,513.07,513.07,513.07,50.0,open<=0
PSEL,2020-01-27,0.0,996.0,996.0,996.0,0.0,open<=0
PSEL,2020-01-28,0.0,993.53,993.53,993.53,0.0,open<=0
PSEL,2020-03-02,0.0,992.86,992.86,992.86,0.0,open<=0
PSEL,2020-04-30,0.0,969.0,969.0,969.0,0.0,open<=0
PSEL,2020-05-08,0.0,966.09,966.09,966.09,0.0,open<=0
PSEL,2020-06-04,0.0,999.95,999.95,999.95,0.0,open<=0
PSEL,2020-06-08,0.0,999.9,999.9,999.9,0.0,open<=0
PSEL,2020-06-10,0.0,996.25,996.25,996.25,0.0,open<=0
PSEL,2020-06-17,0.0,1010.0,1010.0,990.0,50.0,open<=0
PSEL,2020-07-09,0.0,987.61,987.61,987.61,0.0,open<=0
PSEL,2020-07-13,0.0,972.0,972.0,972.0,0.0,open<=0
PSEL,2020-08-20,0.0,960.0,960.0,960.0,0.0,open<=0
PSEL,2020-08-26,0.0,950.0,950.0,950.0,0.0,open<=0
PSEL,2021-06-15,0.0,0.0,0.0,942.5,0.0,open<=0; high<=0; low<=0
PSEL,2021-06-16,0.0,0.0,0.0,940.79,0.0,open<=0; high<=0; low<=0
PSEL,2021-06-17,0.0,0.0,0.0,910.12,0.0,open<=0; high<=0; low<=0
PSEL,2021-08-10,0.0,0.0,0.0,887.13,0.0,open<=0; high<=0; low<=0
PSEL,2021-08-16,0.0,0.0,0.0,951.16,0.0,open<=0; high<=0; low<=0
PSEL,2021-08-20,0.0,0.0,0.0,931.64,0.0,open<=0; high<=0; low<=0
PSEL,2021-10-25,0.0,0.0,0.0,1496.24,0.0,open<=0; high<=0; low<=0
PSEL,2021-10-29,0.0,0.0,0.0,1496.24,0.0,open<=0; high<=0; low<=0
PSEL,2022-01-21,0.0,1609.0,1609.0,1609.0,200.0,open<=0
PSEL,2022-03-03,0.0,0.0,0.0,1664.58,0.0,open<=0; high<=0; low<=0
PSEL,2022-08-17,0.0,1341.0,1341.0,1341.0,20.0,open<=0
PSEL,2022-10-05,0.0,0.0,0.0,1024.12,0.0,open<=0; high<=0; low<=0
PSEL,2022-11-02,0.0,0.0,0.0,930.67,0.0,open<=0; high<=0; low<=0
PSEL,2022-11-04,0.0,0.0,0.0,925.0,0.0,open<=0; high<=0; low<=0
PSEL,2023-01-19,0.0,0.0,0.0,1983.33,0.0,open<=0; high<=0; low<=0
PSEL,2023-01-25,0.0,0.0,0.0,2117.5,0.0,open<=0; high<=0; low<=0
PSEL,2023-01-27,0.0,0.0,0.0,2275.5,0.0,open<=0; high<=0; low<=0
PSEL,2023-02-22,0.0,0.0,0.0,1741.52,0.0,open<=0; high<=0; low<=0
PSEL,2023-03-01,0.0,0.0,0.0,2081.55,0.0,open<=0; high<=0; low<=0
PSEL,2023-03-02,0.0,0.0,0.0,2040.61,0.0,open<=0; high<=0; low<=0
PSEL,2023-03-07,0.0,0.0,0.0,2192.4,0.0,open<=0; high<=0; low<=0
PSEL,2023-04-05,0.0,0.0,0.0,881.14,0.0,open<=0; high<=0; low<=0
PSEL,2023-04-07,0.0,0.0,0.0,891.61,0.0,open<=0; high<=0; low<=0
PSEL,2023-06-16,0.0,0.0,0.0,869.91,0.0,open<=0; high<=0; low<=0
PSEL,2023-06-21,0.0,0.0,0.0,849.99,0.0,open<=0; high<=0; low<=0
PSEL,2023-10-11,0.0,0.0,0.0,660.08,100.0,open<=0; high<=0; low<=0
PSEL,2023-10-26,0.0,0.0,0.0,736.0,50.0,open<=0; high<=0; low<=0
PSEL,2023-12-22,0.0,0.0,0.0,1088.0,200.0,open<=0; high<=0; low<=0
PSEL,2023-12-27,0.0,0.0,0.0,1010.0,100.0,open<=0; high<=0; low<=0
PSEL,2024-03-27,0.0,0.0,0.0,924.0,100.0,open<=0; high<=0; low<=0
RMPL,2020-03-13,0.0,6813.75,6813.75,6813.75,0.0,open<=0
RMPL,2020-10-19,0.0,8056.01,8056.01,8056.01,0.0,open<=0
RMPL,2021-01-12,0.0,9850.0,9850.0,9850.0,40.0,open<=0
RMPL,2021-02-08,0.0,0.0,0.0,10796.56,0.0,open<=0; high<=0; low<=0
RMPL,2021-02-09,0.0,0.0,0.0,10527.43,0.0,open<=0; high<=0; low<=0
RMPL,2021-03-11,0.0,9700.0,9700.0,9700.0,20.0,open<=0
RMPL,2021-04-19,0.0,0.0,0.0,9250.0,0.0,open<=0; high<=0; low<=0
RMPL,2021-07-08,0.0,9899.0,9899.0,9899.0,20.0,open<=0
RMPL,2021-07-19,0.0,9950.0,9950.0,9950.0,20.0,open<=0
RMPL,2021-08-11,0.0,10000.0,10000.0,10000.0,80.0,open<=0
RMPL,2022-04-26,0.0,0.0,0.0,11750.0,0.0,open<=0; high<=0; low<=0
RMPL,2022-04-28,0.0,11650.0,11650.0,11600.0,0.0,open<=0
RMPL,2022-05-16,0.0,0.0,0.0,10089.07,0.0,open<=0; high<=0; low<=0
RMPL,2022-06-02,0.0,10030.0,10030.0,10030.0,1120.0,open<=0
RMPL,2022-08-03,0.0,0.0,0.0,11083.33,0.0,open<=0; high<=0; low<=0
RMPL,2022-08-25,0.0,10000.0,10000.0,10000.0,20.0,open<=0
RMPL,2022-09-29,0.0,9800.0,9800.0,9800.0,20.0,open<=0
RMPL,2022-10-14,0.0,0.0,0.0,10300.0,0.0,open<=0; high<=0; low<=0
RMPL,2022-12-26,0.0,0.0,0.0,7464.67,0.0,open<=0; high<=0; low<=0
RMPL,2023-03-01,0.0,8700.0,8700.0,8700.0,11040.0,open<=0
RMPL,2023-03-15,0.0,8000.0,8000.0,8000.0,20.0,open<=0
RMPL,2023-06-05,0.0,0.0,0.0,8332.0,20.0,open<=0; high<=0; low<=0
RMPL,2023-06-07,0.0,0.0,0.0,8332.0,60.0,open<=0; high<=0; low<=0
RMPL,2023-09-22,0.0,0.0,0.0,8044.0,0.0,open<=0; high<=0; low<=0
RMPL,2025-03-06,0.0,0.0,0.0,9235.0,1.0,open<=0; high<=0; low<=0
RMPL,2026-07-31,0.0,0.0,0.0,9255.27,2.0,open<=0; high<=0; low<=0
SCBPL,2020-04-13,0.0,21.99,21.99,21.99,3500.0,open<=0
SCBPL,2020-12-31,0.0,34.84,34.84,34.84,2000.0,open<=0
SCBPL,2021-03-25,0.0,27.0,27.0,27.0,500.0,open<=0
SCBPL,2021-05-27,0.0,32.96,32.96,32.96,2500.0,open<=0
SCBPL,2021-08-27,0.0,33.12,33.12,33.12,4000.0,open<=0
SCBPL,2021-09-06,0.0,32.14,32.14,32.14,5000.0,open<=0
SCBPL,2021-10-05,0.0,34.75,34.75,34.75,500.0,open<=0
SCBPL,2022-02-09,0.0,31.41,31.41,31.41,1000.0,open<=0
SHFA,2020-01-14,0.0,324.99,324.99,330.0,15000.0,open<=0
SHFA,2020-01-17,0.0,329.02,329.02,329.02,0.0,open<=0
SHFA,2020-02-27,0.0,310.0,310.0,293.15,100.0,open<=0
SHFA,2021-09-16,0.0,214.47,214.47,214.47,100.0,open<=0
SHFA,2022-06-20,0.0,178.12,178.12,178.12,1000.0,open<=0
SHFA,2023-08-31,0.0,0.0,0.0,123.0,48100.0,open<=0; high<=0; low<=0
SHFA,2024-01-18,0.0,0.0,0.0,139.49,100.0,open<=0; high<=0; low<=0
SSOM,2020-03-12,0.0,21.6,21.6,23.13,500.0,open<=0
SSOM,2020-08-26,0.0,46.55,46.55,50.0,1000.0,open<=0
SSOM,2021-01-08,0.0,85.0,85.0,85.0,500.0,open<=0
SSOM,2021-07-12,0.0,143.11,143.11,143.11,2500.0,open<=0
SSOM,2021-10-25,0.0,0.0,0.0,98.0,0.0,open<=0; high<=0; low<=0
SSOM,2022-08-15,0.0,118.98,118.98,118.98,1000.0,open<=0
SSOM,2022-08-31,0.0,90.5,90.5,90.5,500.0,open<=0
SSOM,2022-09-15,0.0,86.5,86.5,86.5,500.0,open<=0
SSOM,2022-10-19,0.0,83.75,83.75,83.75,2000.0,open<=0
SSOM,2022-11-23,0.0,0.0,0.0,70.51,0.0,open<=0; high<=0; low<=0
SSOM,2022-11-24,0.0,0.0,0.0,71.93,0.0,open<=0; high<=0; low<=0
SSOM,2022-12-22,0.0,0.0,0.0,90.95,0.0,open<=0; high<=0; low<=0
SSOM,2023-01-02,0.0,0.0,0.0,90.52,0.0,open<=0; high<=0; low<=0
SSOM,2023-01-10,0.0,73.0,73.0,73.0,500.0,open<=0
SSOM,2023-03-02,0.0,0.0,0.0,109.82,0.0,open<=0; high<=0; low<=0
SSOM,2023-07-19,0.0,0.0,0.0,89.0,500.0,open<=0; high<=0; low<=0
SSOM,2024-02-13,0.0,0.0,0.0,68.9,1000.0,open<=0; high<=0; low<=0
SSOM,2024-03-04,0.0,0.0,0.0,70.0,500.0,open<=0; high<=0; low<=0
SSOM,2024-03-28,0.0,0.0,0.0,70.0,2500.0,open<=0; high<=0; low<=0
SSOM,2024-04-09,0.0,0.0,0.0,69.0,1500.0,open<=0; high<=0; low<=0
SSOM,2024-05-02,0.0,0.0,0.0,70.5,500.0,open<=0; high<=0; low<=0
SSOM,2024-06-21,0.0,0.0,0.0,65.2,20000.0,open<=0; high<=0; low<=0
SSOM,2024-09-16,0.0,0.0,0.0,70.15,0.0,open<=0; high<=0; low<=0
THALL,2023-03-29,0.0,169.92,169.92,169.92,200.0,open<=0
TPLRF1,2024-09-13,0.0,0.0,0.0,14.33,2.0,open<=0; high<=0; low<=0
TPLRF1,2024-09-24,0.0,0.0,0.0,13.5,0.0,open<=0; high<=0; low<=0
UPFL,2020-03-13,0.0,7300.0,7300.0,7300.0,0.0,open<=0
UPFL,2020-06-08,0.0,9500.0,9500.0,9899.0,60.0,open<=0
UPFL,2020-08-03,0.0,9549.0,9549.0,9230.0,40.0,open<=0
UPFL,2020-10-01,0.0,14972.67,14972.67,14972.67,0.0,open<=0
UPFL,2020-10-07,0.0,14788.33,14788.33,14788.33,0.0,open<=0
UPFL,2020-10-26,0.0,14500.0,14500.0,13800.0,20.0,open<=0
UPFL,2021-02-08,0.0,14000.01,14000.01,14000.01,20.0,open<=0
UPFL,2021-06-15,0.0,16800.0,16800.0,16800.0,40.0,open<=0
UPFL,2021-07-19,0.0,16000.0,16000.0,16000.0,20.0,open<=0
UPFL,2021-10-25,0.0,0.0,0.0,21000.0,0.0,open<=0; high<=0; low<=0
UPFL,2021-10-29,0.0,0.0,0.0,21000.0,0.0,open<=0; high<=0; low<=0
UPFL,2022-01-03,0.0,0.0,0.0,19267.0,0.0,open<=0; high<=0; low<=0
UPFL,2022-01-24,0.0,0.0,0.0,20847.0,0.0,open<=0; high<=0; low<=0
UPFL,2022-01-27,0.0,0.0,0.0,22275.0,0.0,open<=0; high<=0; low<=0
UPFL,2022-01-28,0.0,0.0,0.0,21995.0,0.0,open<=0; high<=0; low<=0
UPFL,2022-02-02,0.0,0.0,0.0,21960.0,0.0,open<=0; high<=0; low<=0
UPFL,2022-02-24,0.0,0.0,0.0,21450.0,0.0,open<=0; high<=0; low<=0
UPFL,2022-06-02,0.0,25000.0,25000.0,25000.0,20.0,open<=0
UPFL,2022-06-20,0.0,0.0,0.0,25650.0,0.0,open<=0; high<=0; low<=0
UPFL,2022-06-21,0.0,25650.0,25650.0,25650.0,40.0,open<=0
UPFL,2022-06-22,0.0,25650.0,25650.0,25650.0,20.0,open<=0
UPFL,2022-06-27,0.0,0.0,0.0,25400.0,0.0,open<=0; high<=0; low<=0
UPFL,2022-11-30,0.0,25750.0,25750.0,25750.0,40.0,open<=0
UPFL,2023-01-09,0.0,24000.0,24000.0,24000.0,20.0,open<=0
UPFL,2023-02-06,0.0,0.0,0.0,23646.07,0.0,open<=0; high<=0; low<=0
UPFL,2023-03-17,0.0,18200.0,18200.0,18200.0,20.0,open<=0
UPFL,2023-03-31,0.0,17900.0,17900.0,17900.0,20.0,open<=0
UPFL,2023-04-20,0.0,18000.0,18000.0,18000.0,20.0,open<=0
UPFL,2024-02-15,0.0,0.0,0.0,22300.0,100.0,open<=0; high<=0; low<=0
UPFL,2024-08-08,0.0,0.0,0.0,17799.06,2.0,open<=0; high<=0; low<=0
