date,open,high,low,close,volume,is_anomaly
2021-09-13,790.0,800.5,788.0,790.38,108300,False
2021-09-14,792.0,797.0,775.0,780.99,6200,False
2021-09-15,780.0,780.0,765.0,769.33,200,False
2021-09-16,779.9,779.9,767.9,768.13,5500,False
2021-09-17,765.25,769.5,755.0,761.22,17850,False
2021-09-20,760.0,768.0,758.0,762.37,8050,False
2021-09-21,760.0,760.0,745.0,753.15,12600,False
2021-09-22,749.0,752.99,735.0,741.46,84200,False
2021-09-23,749.99,797.0,745.0,788.72,13950,False
2021-09-24,775.0,790.0,765.0,780.59,30300,False
2021-09-27,779.0,780.0,722.05,755.67,29600,False
2021-09-28,760.0,786.0,760.0,781.83,10050,False
2021-09-29,766.0,776.97,760.0,770.34,4150,False
2021-09-30,770.0,777.0,770.0,772.86,19450,False
2021-10-01,770.0,775.0,760.02,775.0,31650,False
2021-10-04,778.99,780.0,770.0,779.0,20350,False
2021-10-05,777.77,783.0,770.0,771.11,8850,False
2021-10-06,761.01,779.91,761.01,776.35,5650,False
2021-10-07,770.0,779.0,770.0,774.79,7450,False
2021-10-08,774.98,777.95,760.5,772.91,1850,False
2021-10-11,760.15,760.15,758.0,758.0,2050,False
2021-10-12,750.01,780.0,750.0,777.96,11150,False
2021-10-13,765.0,779.0,762.0,777.51,11800,False
2021-10-14,778.8,778.8,764.0,772.94,8700,False
2021-10-15,770.0,780.0,770.0,780.0,1200,False
2021-10-18,779.9,779.92,779.9,779.91,550,False
2021-10-20,775.0,780.0,765.0,774.32,93600,False
2021-10-21,775.0,777.5,770.1,776.39,41650,False
2021-10-22,765.02,774.99,765.02,770.0,700,False
2021-10-25,768.0,768.0,768.0,768.0,250,False
2021-10-27,770.0,770.0,711.0,725.55,51750,False
2021-10-28,730.34,765.0,730.34,752.49,26250,False
2021-10-29,747.0,768.0,747.0,762.17,22800,False
2021-11-01,762.0,769.5,760.0,768.82,24600,False
2021-11-02,760.52,766.14,759.99,764.75,7750,False
2021-11-03,764.75,764.9,764.75,764.9,500,False
2021-11-04,755.1,764.9,752.0,753.38,11300,False
2021-11-05,760.0,769.0,752.0,765.28,11550,False
2021-11-08,757.0,765.0,757.0,764.62,1100,False
2021-11-09,769.0,769.0,760.0,760.0,2050,False
2021-11-10,769.9,769.9,755.0,759.95,9700,False
2021-11-11,759.95,770.0,755.0,765.33,9450,False
2021-11-12,760.15,760.15,749.5,749.93,87100,False
2021-11-15,763.9,763.9,745.0,754.07,1550,False
2021-11-16,768.0,768.0,741.0,759.51,10850,False
2021-11-17,759.99,759.99,746.0,747.67,550,False
2021-11-18,750.0,760.0,747.67,759.41,1650,False
2021-11-19,760.0,763.5,760.0,762.6,14450,False
2021-11-22,759.99,759.99,759.99,759.99,100,False
2021-11-23,759.97,764.0,759.97,762.19,2000,False
2021-11-24,743.1,755.0,743.1,754.99,5050,False
2021-11-25,742.0,742.01,730.0,733.0,13650,False
2021-11-26,739.0,739.0,732.0,737.6,10200,False
2021-11-29,737.6,738.0,730.08,737.99,1550,False
2021-11-30,740.0,759.85,739.89,749.15,5350,False
2021-12-01,750.0,750.0,737.01,747.28,4700,False
2021-12-02,732.01,732.51,700.0,715.41,21600,False
2021-12-03,710.0,715.41,690.0,705.79,20000,False
2021-12-06,700.0,714.98,700.0,709.09,1600,False
2021-12-07,685.15,755.0,685.15,713.52,59750,False
2021-12-08,710.1,720.0,699.99,700.0,9400,False
2021-12-09,695.2,696.0,690.0,690.0,850,False
2021-12-10,683.0,690.0,675.0,690.0,7800,False
2021-12-13,689.9,694.0,689.9,691.7,1050,False
2021-12-14,708.9,708.9,681.01,696.73,19950,False
2021-12-15,700.0,719.99,699.0,716.23,96150,False
2021-12-16,707.0,714.0,700.0,701.41,13450,False
2021-12-17,701.41,711.0,690.0,705.4,11400,False
2021-12-20,709.0,713.0,705.0,713.0,1500,False
2021-12-21,710.0,718.0,705.0,713.92,10350,False
2021-12-22,710.0,717.99,710.0,716.25,1850,False
2021-12-23,720.0,720.0,707.0,718.95,2450,False
2021-12-24,720.0,762.0,720.0,751.65,5650,False
2021-12-27,745.0,745.0,740.0,740.0,2500,False
2021-12-28,745.0,745.0,735.3,735.3,250,False
2021-12-29,735.0,742.0,730.0,737.45,20250,False
2021-12-30,730.1,734.99,716.1,727.14,39100,False
2021-12-31,719.98,724.0,705.01,717.51,50600,False
2022-01-03,718.5,729.99,700.01,723.36,10500,False
2022-01-04,715.0,764.0,715.0,745.64,27200,False
2022-01-05,746.0,755.0,741.0,750.51,3150,False
2022-01-06,745.0,753.0,731.11,745.34,12200,False
2022-01-07,740.0,750.0,728.0,739.95,12400,False
2022-01-10,740.0,753.0,740.0,751.2,5750,False
2022-01-11,759.87,759.87,741.0,752.22,8850,False
2022-01-12,762.0,762.0,742.2,752.69,8700,False
2022-01-13,742.1,752.0,740.0,740.0,5350,False
2022-01-14,748.95,748.95,735.1,745.59,7750,False
2022-01-17,760.0,760.0,713.81,741.64,13600,False
2022-01-18,755.0,741.64,736.0,739.58,2500,True
2022-01-19,754.7,754.7,730.0,730.83,1450,False
2022-01-20,730.0,734.0,730.0,731.98,450,False
2022-01-21,731.98,735.0,730.0,730.0,400,False
2022-01-24,749.99,749.99,712.03,723.99,2600,False
2022-01-25,723.99,724.0,723.99,724.0,300,False
2022-01-26,720.5,724.0,720.5,721.67,150,False
2022-01-27,713.18,722.0,713.18,717.0,850,False
2022-01-28,720.0,720.0,714.0,717.5,850,False
2022-01-31,717.02,719.98,706.57,719.98,1100,False
2022-02-01,719.99,720.0,714.05,714.05,950,False
2022-02-02,719.99,721.0,712.11,719.99,3250,False
2022-02-03,720.5,720.5,715.0,718.9,1300,False
2022-02-04,711.0,718.9,711.0,716.0,300,False
2022-02-07,714.01,716.0,714.01,715.0,650,False
2022-02-08,718.99,748.0,713.0,736.68,3000,False
2022-02-09,723.98,744.1,723.81,739.46,4100,False
2022-02-10,721.14,739.89,721.14,730.99,2250,False
2022-02-11,725.0,732.99,722.0,723.82,7500,False
2022-02-14,719.0,724.82,716.1,721.43,3100,False
2022-02-15,716.6,720.0,716.6,719.59,3900,False
2022-02-16,720.0,720.0,712.0,712.23,2900,False
2022-02-17,712.13,719.89,709.0,710.46,950,False
2022-02-18,714.99,723.0,705.0,714.32,4750,False
2022-02-21,714.1,720.0,714.1,718.0,850,False
2022-02-22,705.13,721.99,705.13,720.25,3300,False
2022-02-23,715.01,716.5,710.0,716.5,2050,False
2022-02-24,723.79,723.79,692.01,699.0,4000,False
2022-02-25,690.0,700.0,680.0,690.02,6050,False
2022-02-28,699.0,700.1,689.5,699.0,24400,False
2022-03-01,705.0,705.0,695.0,699.99,7450,False
2022-03-02,690.0,696.9,683.1,696.9,300,False
2022-03-03,691.51,691.51,683.0,684.25,1550,False
2022-03-04,684.0,709.0,684.0,697.25,900,False
2022-03-07,680.0,690.0,671.0,684.5,4350,False
2022-03-08,675.0,715.0,675.0,698.16,2350,False
2022-03-09,698.16,698.16,698.16,698.16,50,False
2022-03-10,718.99,718.99,697.0,698.17,4600,False
2022-03-11,690.1,698.5,675.01,698.16,1250,False
2022-03-15,710.0,710.0,700.0,700.0,1650,False
2022-03-16,702.0,702.0,700.0,700.0,300,False
2022-03-18,680.0,680.0,679.0,679.8,250,False
2022-03-21,689.99,699.0,679.8,694.58,3500,False
2022-03-22,700.0,701.0,685.1,699.78,1500,False
2022-03-24,700.0,700.0,695.0,697.92,850,False
2022-03-25,698.98,698.99,698.98,698.99,250,False
2022-03-28,699.0,699.0,689.95,698.99,1300,False
2022-03-29,698.01,698.95,698.01,698.95,100,False
2022-03-30,691.0,695.0,690.01,695.0,12350,False
2022-03-31,690.2,697.99,690.2,697.99,2200,False
2022-04-01,685.01,700.0,685.01,699.79,600,False
2022-04-05,699.9,699.9,699.9,699.9,100,False
2022-04-06,688.85,688.85,680.65,686.0,1600,False
2022-04-07,0.0,686.0,686.0,686.0,50,True
2022-04-11,699.0,700.01,690.11,699.8,24050,False
2022-04-12,695.99,700.0,692.0,700.0,3800,False
2022-04-13,699.0,699.0,699.0,699.0,250,False
2022-04-14,690.0,698.99,690.0,698.04,1550,False
2022-04-15,690.0,693.0,678.04,691.29,3500,False
2022-04-18,697.0,697.0,679.02,694.31,2300,False
2022-04-19,686.0,693.5,683.01,684.93,1050,False
2022-04-20,699.99,699.99,681.0,681.0,300,False
2022-04-22,681.01,681.01,669.0,671.0,1050,False
2022-04-25,679.98,680.0,674.9,674.9,300,False
2022-04-26,674.9,674.9,674.0,674.0,150,False
2022-04-27,680.0,680.0,670.47,670.47,1050,False
2022-04-28,667.0,700.0,650.0,690.37,11900,False
2022-05-06,685.0,685.0,685.0,685.0,1100,False
2022-05-09,680.0,680.0,667.25,668.56,750,False
2022-05-10,656.0,674.0,656.0,672.2,2700,False
2022-05-11,655.01,655.01,640.0,644.67,11650,False
2022-05-12,644.67,657.99,635.1,657.99,1500,False
2022-05-13,653.98,675.0,650.0,664.28,7500,False
2022-05-16,630.0,670.0,630.0,636.0,3900,False
2022-05-17,638.0,646.99,631.0,646.32,900,False
2022-05-18,625.0,650.0,625.0,640.64,2950,False
2022-05-19,630.1,641.4,630.1,640.88,3400,False
2022-05-20,630.0,642.0,630.0,641.42,2150,False
2022-05-23,632.0,642.0,628.27,641.75,3450,False
2022-05-24,630.0,641.75,630.0,636.29,2650,False
2022-05-25,641.5,642.0,637.0,640.7,1100,False
2022-05-26,630.0,642.0,630.0,642.0,14800,False
2022-05-27,642.0,642.0,635.0,638.07,2450,False
2022-05-30,638.07,640.0,638.07,640.0,250,False
2022-05-31,640.0,640.0,640.0,640.0,550,False
2022-06-01,632.0,687.48,620.0,671.06,6650,False
2022-06-02,655.0,678.0,651.0,675.04,3500,False
2022-06-03,651.02,670.0,630.0,656.87,8700,False
2022-06-06,665.0,665.0,648.0,650.44,4950,False
2022-06-07,650.0,651.0,650.0,650.0,1500,False
2022-06-08,647.0,647.96,647.0,647.48,200,False
2022-06-09,646.0,654.49,633.28,648.3,4950,False
2022-06-10,649.99,675.0,649.0,669.72,9450,False
2022-06-13,660.0,673.0,650.0,658.65,8450,False
2022-06-14,659.9,670.95,659.9,668.66,5350,False
2022-06-15,660.0,669.0,660.0,660.08,2400,False
2022-06-16,650.0,660.0,650.0,657.37,3000,False
2022-06-17,650.0,659.99,642.0,657.77,14650,False
2022-06-20,651.0,660.0,649.0,656.02,5700,False
2022-06-21,650.0,666.4,650.0,661.83,12000,False
2022-06-22,651.15,670.0,651.03,661.34,11000,False
2022-06-23,650.5,653.29,649.0,649.88,5850,False
2022-06-24,644.08,644.08,613.5,637.11,12350,False
2022-06-27,640.0,676.48,640.0,664.8,10200,False
2022-06-28,655.01,666.0,653.0,664.35,5700,False
2022-06-29,662.0,662.0,650.03,654.76,450,False
2022-06-30,650.0,658.5,642.0,654.64,25600,False
2022-07-01,663.0,666.0,663.0,666.0,900,False
2022-07-04,664.97,664.97,660.0,660.0,450,False
2022-07-07,660.0,665.0,641.0,662.07,5200,False
2022-07-13,646.0,657.88,646.0,653.02,5500,False
2022-07-14,654.99,654.99,640.0,642.4,3450,False
2022-07-15,642.5,652.0,614.5,633.83,18000,False
2022-07-18,632.89,649.88,632.89,644.76,1050,False
2022-07-19,638.0,652.5,637.0,648.5,6050,False
2022-07-20,625.5,650.0,625.5,642.0,2350,False
2022-07-21,635.0,636.0,630.0,632.87,7800,False
2022-07-22,630.0,630.0,623.0,626.66,9000,False
2022-07-25,620.51,620.51,610.0,619.04,2950,False
2022-07-26,620.0,624.0,617.87,621.2,1250,False
2022-07-27,620.0,622.5,611.0,621.0,4150,False
2022-07-28,613.0,626.2,613.0,622.88,2250,False
2022-07-29,623.0,627.0,623.0,625.32,2150,False
2022-08-01,615.21,623.0,612.0,618.72,1550,False
2022-08-02,615.0,630.0,615.0,621.01,3950,False
2022-08-03,624.0,627.5,620.1,625.0,2750,False
2022-08-04,624.73,624.98,620.0,622.98,1200,False
2022-08-05,622.9,623.0,622.9,622.99,950,False
2022-08-10,623.0,623.0,618.13,618.96,3800,False
2022-08-11,623.0,623.0,620.0,620.99,400,False
2022-08-12,620.0,623.0,617.03,622.22,1800,False
2022-08-15,623.0,631.99,621.55,622.9,23300,False
2022-08-16,620.0,622.9,616.51,620.1,16500,False
2022-08-17,610.0,619.99,610.0,619.56,1800,False
2022-08-18,619.56,619.8,612.0,616.0,3350,False
2022-08-19,611.1,618.8,611.1,618.8,100,False
2022-08-22,615.0,621.99,615.0,620.03,650,False
2022-08-23,622.95,622.95,615.5,622.0,800,False
2022-08-24,619.87,619.87,619.87,619.87,150,False
2022-08-25,612.5,623.0,612.5,621.29,3150,False
2022-08-26,615.0,623.0,615.0,621.53,5450,False
2022-08-29,603.17,608.0,595.0,600.91,17000,False
2022-08-30,601.0,617.75,575.0,598.37,18350,False
2022-08-31,590.1,600.0,590.1,600.0,1000,False
2022-09-01,599.98,600.0,590.1,593.7,2250,False
2022-09-02,596.0,598.0,596.0,597.54,500,False
2022-09-05,595.0,598.74,590.6,598.67,400,False
2022-09-06,591.25,600.5,590.0,598.14,4100,False
2022-09-07,592.0,602.25,588.0,600.14,7050,False
2022-09-08,581.0,590.0,581.0,588.69,1000,False
2022-09-09,585.77,594.83,585.77,590.96,550,False
2022-09-12,582.05,587.9,580.0,586.25,1050,False
2022-09-13,580.0,587.0,580.0,587.0,200,False
2022-09-14,579.0,587.95,575.0,585.43,1200,False
2022-09-15,585.43,594.8,581.0,585.89,2050,False
2022-09-16,575.01,584.0,575.0,582.76,1000,False
2022-09-19,582.76,590.0,575.0,586.98,5750,False
2022-09-20,577.09,585.5,577.09,585.2,550,False
2022-09-21,585.2,589.0,585.2,587.95,1100,False
2022-09-22,576.05,590.0,570.0,576.92,8700,False
2022-09-23,572.21,580.35,561.0,576.84,4350,False
2022-09-26,577.99,583.73,570.0,580.88,12600,False
2022-09-27,584.98,585.0,584.98,584.99,500,False
2022-09-28,585.0,585.0,585.0,585.0,50,False
2022-09-29,573.63,591.0,573.62,585.46,11750,False
2022-09-30,585.0,585.0,579.0,582.92,3650,False
2022-10-03,575.07,580.0,567.23,576.57,6550,False
2022-10-04,573.0,573.0,565.02,569.38,5200,False
2022-10-05,563.0,578.4,561.01,575.45,4450,False
2022-10-06,578.0,582.7,570.0,580.47,1900,False
2022-10-07,573.33,584.85,572.1,582.72,4750,False
2022-10-10,580.0,582.72,580.0,580.0,150,False
2022-10-11,577.0,594.0,577.0,587.46,1900,False
2022-10-14,575.1,588.8,575.1,585.98,2650,False
2022-10-17,585.0,600.0,580.56,593.07,2250,False
2022-10-18,599.99,599.99,593.0,594.0,200,False
2022-10-19,589.99,593.5,589.99,593.5,150,False
2022-10-20,583.01,585.0,583.01,585.0,150,False
2022-10-21,589.0,589.0,580.0,580.0,300,False
2022-10-24,580.0,588.0,575.07,581.07,1450,False
2022-10-25,575.0,582.0,572.02,580.62,3900,False
2022-10-26,576.0,577.0,570.0,570.0,1050,False
2022-10-27,566.0,600.0,540.0,570.94,9200,False
2022-10-28,560.08,575.0,551.66,569.71,7800,False
2022-10-31,560.01,573.0,560.01,572.14,2100,False
2022-11-01,570.0,594.0,570.0,584.43,5700,False
2022-11-02,584.0,584.0,584.0,584.0,50,False
2022-11-03,595.0,595.0,595.0,595.0,200,False
2022-11-04,565.11,565.11,550.38,551.85,59950,False
2022-11-07,551.0,554.0,545.0,553.95,400,False
2022-11-08,557.97,557.97,535.0,545.73,10150,False
2022-11-10,553.53,569.99,544.5,564.46,16350,False
2022-11-11,560.0,568.5,554.0,562.57,2750,False
2022-11-14,558.99,562.57,555.01,558.9,3800,False
2022-11-16,555.0,564.5,550.0,561.59,1850,False
2022-11-17,560.0,560.0,551.26,556.75,150,False
2022-11-18,556.0,556.0,556.0,556.0,100,False
2022-11-21,552.0,559.5,546.0,559.07,2550,False
2022-11-22,540.33,563.9,535.0,558.49,3350,False
2022-11-23,565.99,599.0,552.12,562.4,1850,False
2022-11-24,552.01,568.5,552.01,564.41,1650,False
2022-11-25,564.99,574.0,560.0,569.34,1450,False
2022-11-28,564.87,564.87,548.0,552.25,2950,False
2022-11-29,552.25,553.5,544.75,546.04,9500,False
2022-11-30,540.01,549.0,533.99,541.42,24250,False
2022-12-01,541.42,544.45,535.0,537.29,12250,False
2022-12-02,535.0,535.0,519.0,523.19,40350,False
2022-12-05,523.19,527.99,500.0,513.93,37200,False
2022-12-06,505.61,522.77,498.0,501.05,8000,False
2022-12-07,504.76,505.0,496.0,496.17,3900,False
2022-12-08,498.79,498.79,485.1,493.13,2850,False
2022-12-09,482.11,490.0,480.01,489.85,4350,False
2022-12-12,490.0,509.7,485.1,497.98,5200,False
2022-12-13,498.99,505.0,492.01,503.25,2500,False
2022-12-14,492.01,509.0,492.0,503.35,4450,False
2022-12-15,502.98,503.49,485.0,500.86,8650,False
2022-12-16,481.02,500.0,481.02,497.41,8050,False
2022-12-19,497.41,504.99,497.41,504.72,850,False
2022-12-20,491.51,492.0,473.1,478.62,7850,False
2022-12-21,487.31,487.31,478.62,478.9,4500,False
2022-12-22,480.0,492.0,474.35,482.52,6750,False
2022-12-23,475.0,480.0,470.0,476.87,7350,False
2022-12-26,479.98,480.0,466.2,469.98,8500,False
2022-12-27,456.03,469.98,451.1,456.84,18000,False
2022-12-28,452.0,460.99,440.0,455.24,21750,False
2022-12-29,450.0,469.9,446.01,463.19,15700,False
2022-12-30,474.98,475.0,452.01,463.31,12950,False
2023-01-02,456.14,464.5,456.0,460.53,7500,False
2023-01-03,455.0,455.0,447.01,450.2,10400,False
2023-01-04,450.0,457.0,445.2,450.0,3350,False
2023-01-05,445.0,447.5,441.0,444.69,11200,False
2023-01-06,444.0,444.9,438.0,438.0,8900,False
2023-01-09,438.0,438.0,425.0,433.48,5500,False
2023-01-10,435.0,435.0,430.0,431.87,4500,False
2023-01-11,428.0,428.0,400.5,412.67,72750,False
2023-01-12,411.0,411.0,400.0,400.93,9250,False
2023-01-13,399.5,403.5,396.25,397.33,3900,False
2023-01-16,403.0,403.0,385.0,389.5,3900,False
2023-01-17,389.5,390.0,377.5,377.51,3650,False
2023-01-18,375.0,377.52,369.0,370.03,12350,False
2023-01-19,370.03,374.99,367.01,369.5,21450,False
2023-01-20,368.0,368.0,356.9,362.74,1800,False
2023-01-23,363.0,370.0,355.0,369.88,6600,False
2023-01-24,375.0,375.0,362.0,366.97,4100,False
2023-01-25,360.01,375.0,358.0,360.5,56000,False
2023-01-26,360.5,367.95,354.9,355.38,140150,False
2023-01-27,356.0,361.0,345.0,348.44,8000,False
2023-01-30,352.99,363.0,346.0,346.0,20650,False
2023-01-31,350.0,355.99,348.0,353.88,2650,False
2023-02-01,354.0,377.0,353.0,374.91,24550,False
2023-02-02,370.0,390.0,370.0,380.25,10800,False
2023-02-03,380.24,389.98,379.99,386.75,6600,False
2023-02-06,395.0,395.0,379.11,389.37,5950,False
2023-02-07,394.99,409.97,392.0,398.2,8300,False
2023-02-08,400.0,425.06,398.1,423.36,14750,False
2023-02-09,434.99,435.0,425.0,432.94,7100,False
2023-02-10,432.0,432.98,425.0,431.49,3950,False
2023-02-13,430.0,430.0,420.01,423.76,900,False
2023-02-14,420.0,420.0,400.55,404.79,8650,False
2023-02-15,407.98,407.98,401.13,405.72,1900,False
2023-02-16,405.72,407.98,401.0,402.31,2800,False
2023-02-17,401.0,404.98,401.0,404.49,600,False
2023-02-20,404.49,407.0,401.01,405.03,3050,False
2023-02-21,407.99,408.0,406.0,406.5,350,False
2023-02-22,410.0,412.0,392.2,394.59,5100,False
2023-02-23,391.0,391.0,371.0,381.5,11150,False
2023-02-24,377.0,380.99,377.0,379.93,1100,False
2023-02-27,379.93,381.0,372.62,378.2,3450,False
2023-02-28,375.0,376.0,375.0,375.0,1000,False
2023-03-01,370.01,379.0,367.5,373.99,2324100,False
2023-03-02,373.0,400.0,367.01,377.38,49400,False
2023-03-03,383.0,389.99,377.38,380.61,6300,False
2023-03-06,380.0,409.0,375.59,407.11,684600,False
2023-03-07,407.0,418.0,401.0,410.2,66200,False
2023-03-08,412.0,415.0,411.0,412.94,218150,False
2023-03-09,412.94,420.0,405.0,405.72,78300,False
2023-03-10,407.7,410.0,400.11,400.9,20650,False
2023-03-13,407.58,407.58,400.0,400.04,14050,False
2023-03-14,401.12,404.9,400.0,400.05,12750,False
2023-03-15,400.0,414.74,400.05,409.82,27200,True
2023-03-16,410.0,419.0,407.0,411.27,10500,False
2023-03-17,410.0,410.0,400.0,400.16,15450,False
2023-03-20,404.99,404.99,400.0,400.0,6100,False
2023-03-21,401.0,402.01,400.0,400.12,3250,False
2023-03-22,401.0,401.0,399.0,399.0,53100,False
2023-03-24,398.0,399.99,398.0,398.28,2800,False
2023-03-27,395.01,395.01,395.0,395.0,650,False
2023-03-28,392.15,393.0,391.5,392.98,1500,False
2023-03-29,391.0,392.0,391.0,391.78,1350,False
2023-03-30,398.0,419.0,398.0,411.94,8600,False
2023-03-31,410.0,415.0,403.03,413.26,10400,False
2023-04-03,414.92,414.92,402.71,409.73,4100,False
2023-04-04,391.2,404.49,390.01,400.0,4600,False
2023-04-05,408.0,408.0,400.0,405.67,350,False
2023-04-06,405.67,414.0,400.0,402.72,145750,False
2023-04-07,403.0,403.0,395.0,398.41,1450,False
2023-04-10,398.3,400.0,398.3,399.99,1700,False
2023-04-11,395.04,395.5,389.9,391.93,9150,False
2023-04-12,391.93,395.89,391.93,395.85,600,False
2023-04-13,385.02,398.0,385.02,397.86,1700,False
2023-04-17,398.0,401.0,397.0,400.66,2150,False
2023-04-18,399.98,399.98,395.0,397.49,100,False
2023-04-19,395.0,400.01,395.0,400.0,200,False
2023-04-26,399.0,400.01,390.0,400.0,70750,False
2023-04-27,400.0,400.0,392.25,394.22,4300,False
2023-04-28,395.0,410.0,395.0,407.76,11000,False
2023-05-02,406.01,407.76,396.0,398.62,13700,False
2023-05-03,391.2,397.87,390.0,395.96,3000,False
2023-05-04,396.0,399.93,395.96,399.93,900,False
2023-05-05,399.9,400.0,399.9,400.0,115700,False
2023-05-08,397.06,397.06,390.01,391.56,650,False
2023-05-09,408.94,408.95,380.2,393.0,80900,False
2023-05-10,387.17,392.02,387.17,392.01,150,False
2023-05-11,398.99,407.49,390.0,398.98,44650,False
2023-05-12,398.0,398.0,395.0,395.52,350,False
2023-05-15,394.0,394.5,390.05,391.68,750,False
2023-05-16,391.1,395.0,391.1,395.0,450,False
2023-05-17,391.36,394.97,387.01,392.03,850,False
2023-05-18,390.0,392.01,390.0,390.0,1350,False
2023-05-19,390.0,400.05,390.0,399.41,14050,False
2023-05-22,400.0,400.0,385.34,392.0,850,False
2023-05-23,396.94,396.95,396.94,396.94,350,False
2023-05-24,394.99,394.99,394.99,396.94,50,True
2023-05-25,390.0,396.99,386.5,396.0,200,False
2023-05-26,397.0,398.51,395.02,396.88,1100,False
2023-05-29,394.0,395.0,390.0,390.64,1550,False
2023-05-30,390.64,390.7,390.64,390.64,300,False
2023-05-31,386.15,393.95,386.15,393.81,2650,False
2023-06-01,390.0,390.01,390.0,390.01,100,False
2023-06-02,390.05,390.05,390.05,390.01,50,True
2023-06-05,399.99,399.99,390.0,398.0,550,False
2023-06-06,399.0,407.99,396.5,399.13,2000,False
2023-06-07,393.5,398.99,393.5,397.09,800,False
2023-06-08,395.5,400.0,395.49,396.99,300300,False
2023-06-09,390.0,395.47,383.9,392.95,8300,False
2023-06-12,375.51,391.49,375.05,385.75,550,False
2023-06-13,385.0,390.0,385.0,388.4,300,False
2023-06-15,370.0,399.9,370.0,393.48,3100,False
2023-06-16,399.0,399.0,382.2,385.45,850,False
2023-06-19,377.0,384.0,371.01,374.54,37350,False
2023-06-20,374.5,374.5,374.5,374.54,50,True
2023-06-21,364.1,364.55,350.0,353.76,43100,False
2023-06-22,355.0,359.79,354.0,354.25,1200,False
2023-06-23,359.9,369.85,359.9,369.85,2250,False
2023-06-26,372.0,381.99,370.5,373.34,3000,False
2023-06-27,377.97,377.97,370.0,370.0,1050,False
2023-07-03,394.0,394.0,381.24,382.61,3000,False
2023-07-04,382.2,382.2,377.0,377.0,1300,False
2023-07-05,380.0,388.84,380.0,380.0,1800,False
2023-07-06,380.0,400.0,380.0,399.96,23600,False
2023-07-07,393.1,400.0,393.1,399.34,9400,False
2023-07-10,400.0,410.0,399.0,407.27,18900,False
2023-07-11,410.0,429.99,410.0,425.61,34600,False
2023-07-12,424.99,425.0,424.99,425.0,300,False
2023-07-13,425.0,425.0,411.11,411.11,8500,False
2023-07-14,413.0,413.0,410.0,410.07,900,False
2023-07-17,419.9,419.98,417.9,417.9,800,False
2023-07-18,405.1,414.99,405.0,409.98,3300,False
2023-07-19,400.52,405.0,400.52,401.91,900,False
2023-07-20,409.89,410.0,409.0,409.0,11600,False
2023-07-21,410.0,410.0,401.0,401.42,3000,False
2023-07-25,400.0,401.0,395.0,398.55,1200,False
2023-07-26,404.0,412.0,401.0,409.0,600,False
2023-07-27,400.01,407.98,400.0,407.98,700,False
2023-07-31,399.0,399.0,390.0,393.19,13300,False
2023-08-01,396.2,402.99,396.2,402.99,2200,False
2023-08-02,402.0,404.8,396.0,399.0,7100,False
2023-08-03,405.0,417.5,405.0,409.58,20700,False
2023-08-04,411.0,411.0,409.0,409.5,1600,False
2023-08-07,400.0,400.0,400.0,400.0,400,False
2023-08-08,400.0,400.0,395.0,395.0,200,False
2023-08-09,397.0,399.0,394.01,397.34,700,False
2023-08-10,400.0,400.0,400.0,400.0,300,False
2023-08-11,395.0,400.0,395.0,400.0,400,False
2023-08-15,399.98,399.99,397.0,397.0,500,False
2023-08-16,395.0,404.0,395.0,396.0,1000,False
2023-08-17,395.0,400.0,395.0,399.99,2100,False
2023-08-18,395.06,395.65,390.03,395.0,1800,False
2023-08-21,399.98,399.98,391.0,392.98,2300,False
2023-08-22,388.02,390.0,388.01,390.0,1200,False
2023-08-23,389.06,389.06,380.01,386.06,1700,False
2023-08-24,394.93,398.0,381.57,397.0,42200,False
2023-08-25,390.0,395.0,390.0,391.78,13600,False
2023-08-28,385.14,386.5,381.15,383.41,1500,False
2023-08-29,381.11,390.0,381.11,388.49,52000,False
2023-08-30,381.61,381.61,365.0,370.01,3900,False
2023-08-31,365.0,365.0,361.0,361.0,1300,False
2023-09-01,364.0,369.89,364.0,369.89,400,False
2023-09-05,366.01,366.01,360.0,360.0,4100,False
2023-09-06,378.98,378.98,360.0,360.0,7700,False
2023-09-07,361.0,361.0,360.0,360.0,1900,False
2023-09-08,379.8,379.8,360.0,360.0,3600,False
2023-09-11,360.0,360.0,356.0,356.01,1400,False
2023-09-12,356.0,356.0,356.0,356.0,600,False
2023-09-13,374.91,374.91,331.17,348.0,4500,False
2023-09-14,330.0,347.49,330.0,343.0,4000,False
2023-09-15,342.0,350.0,340.0,342.53,7200,False
2023-09-18,340.18,340.25,340.18,340.25,200,False
2023-09-19,340.6,359.18,336.0,345.76,13100,False
2023-09-20,359.82,359.82,352.0,352.0,700,False
2023-09-21,350.0,355.0,350.0,351.13,4200,False
2023-09-22,354.94,354.99,350.8,351.05,800,False
2023-09-25,351.05,351.05,350.0,350.05,800,False
2023-09-26,370.0,370.0,340.0,343.49,2100,False
2023-09-27,349.98,350.0,346.01,346.01,500,False
2023-09-28,351.98,351.98,345.0,345.5,10900,False
2023-10-02,345.0,345.0,335.0,336.01,2900,False
2023-10-03,345.0,345.0,338.0,338.0,1400,False
2023-10-04,338.6,338.6,336.0,336.0,1500,False
2023-10-05,346.84,346.85,341.0,341.0,300,False
2023-10-06,339.0,348.0,337.97,347.68,1400,False
2023-10-09,348.0,355.0,347.96,348.0,1500,False
2023-10-10,351.48,353.0,348.0,349.0,5200,False
2023-10-11,350.0,350.0,349.0,349.33,300,False
2023-10-12,352.0,364.0,352.0,360.11,5500,False
2023-10-13,362.5,387.12,362.5,377.74,40300,False
2023-10-16,384.0,384.0,370.56,374.95,3100,False
2023-10-17,371.01,375.5,370.06,374.49,34700,False
2023-10-18,347.15,383.88,347.15,380.69,8600,False
2023-10-19,375.1,386.0,375.0,385.5,22700,False
2023-10-20,399.0,399.0,376.11,385.0,700,False
2023-10-23,373.0,413.88,373.0,399.96,112200,False
2023-10-24,402.0,407.0,395.0,401.13,74100,False
2023-10-25,409.0,415.0,409.0,410.15,24900,False
2023-10-26,410.01,411.55,410.0,410.3,17200,False
2023-10-27,414.0,414.0,400.0,400.0,54300,False
2023-10-30,402.0,402.0,395.0,399.98,6700,False
2023-10-31,391.0,414.0,382.56,394.98,232800,False
2023-11-01,398.95,399.0,393.0,399.0,2800,False
2023-11-02,400.0,404.0,390.6,404.0,18900,False
2023-11-03,404.0,428.88,404.0,424.14,14200,False
2023-11-06,429.0,429.0,415.03,425.0,8300,False
2023-11-07,423.95,423.95,414.0,414.16,3500,False
2023-11-08,415.0,415.2,407.25,408.78,4800,False
2023-11-10,412.5,420.0,408.0,410.98,12500,False
2023-11-13,410.0,418.0,402.15,410.12,91000,False
2023-11-14,409.85,419.5,408.0,414.0,19700,False
2023-11-15,407.0,412.0,385.0,405.17,29300,False
2023-11-16,415.0,415.0,400.0,401.58,29400,False
2023-11-17,408.0,408.0,401.6,403.11,6200,False
2023-11-20,403.0,414.0,401.0,410.1,38900,False
2023-11-21,415.0,432.0,410.01,421.1,91300,False
2023-11-22,429.0,452.68,420.01,452.68,69300,False
2023-11-23,468.0,486.63,465.0,486.63,53500,False
2023-11-24,500.0,502.0,468.0,480.3,31200,False
2023-11-27,482.0,493.0,460.05,476.46,36900,False
2023-11-28,483.99,486.0,475.0,475.95,24300,False
2023-11-29,478.98,479.0,469.0,472.33,3300,False
2023-11-30,473.0,476.0,473.0,473.0,6500,False
2023-12-01,460.26,483.25,460.26,481.25,7500,False
2023-12-04,495.0,496.0,476.5,479.11,4600,False
2023-12-05,460.34,485.0,460.33,480.0,7000,False
2023-12-06,488.98,500.2,488.98,491.5,18100,False
2023-12-07,500.0,514.0,499.0,500.0,31800,False
2023-12-08,501.0,506.0,495.0,500.43,10600,False
2023-12-11,501.0,502.0,495.01,502.0,700,False
2023-12-12,497.0,500.0,492.0,493.62,4000,False
2023-12-13,499.98,499.98,460.0,488.61,7700,False
2023-12-14,470.21,485.0,470.21,473.0,5200,False
2023-12-15,470.01,480.0,470.0,479.25,5000,False
2023-12-18,467.11,475.0,467.0,468.0,2900,False
2023-12-19,460.01,460.01,448.0,452.0,3100,False
2023-12-20,450.0,450.0,440.0,443.0,37700,False
2023-12-21,450.0,460.0,450.0,458.8,16300,False
2023-12-22,450.0,474.98,450.0,455.0,32200,False
2023-12-26,445.0,460.0,440.0,440.0,2800,False
2023-12-27,450.0,450.0,450.0,450.0,600,False
2023-12-28,460.0,469.98,457.01,457.01,2100,False
2023-12-29,468.75,468.75,451.01,460.21,6100,False
2024-01-01,465.0,466.95,455.0,465.13,4300,False
2024-01-02,462.0,462.0,455.0,455.42,2000,False
2024-01-03,473.0,473.75,458.0,460.5,3800,False
2024-01-04,463.0,467.0,462.0,464.31,10000,False
2024-01-05,465.0,483.0,450.0,461.58,26000,False
2024-01-08,465.1,475.0,455.0,455.19,5800,False
2024-01-09,455.19,456.5,455.0,455.16,1000,False
2024-01-10,467.98,467.98,452.0,454.28,1300,False
2024-01-11,455.0,455.0,454.95,454.95,700,False
2024-01-12,456.0,460.0,450.0,455.0,3600,False
2024-01-15,457.1,457.1,449.0,449.0,3700,False
2024-01-16,449.99,450.0,439.0,440.0,27300,False
2024-01-17,440.5,440.5,438.1,440.0,600,False
2024-01-18,425.05,436.0,425.0,434.0,1400,False
2024-01-19,446.0,446.0,421.05,426.0,7200,False
2024-01-22,420.1,424.95,420.0,421.27,8500,False
2024-01-23,422.5,427.0,415.0,423.74,8800,False
2024-01-24,424.0,433.84,424.0,430.0,1200,False
2024-01-25,430.0,430.0,425.1,425.1,2000,False
2024-01-26,425.0,428.95,418.5,421.79,9200,False
2024-01-29,415.02,418.01,415.0,418.0,2200,False
2024-01-30,418.11,418.5,400.0,404.95,12900,False
2024-01-31,410.0,411.1,399.99,400.1,83300,False
2024-02-01,405.15,408.9,400.05,402.0,107400,False
2024-02-02,405.01,424.0,404.0,415.6,48200,False
2024-02-06,419.99,425.98,419.99,422.77,5800,False
2024-02-07,430.0,442.0,423.5,436.0,33300,False
2024-02-09,0.0,0.0,0.0,436.0,500,True
2024-02-13,424.98,430.0,424.98,426.0,15100,False
2024-02-14,425.0,430.0,423.0,430.0,2300,False
2024-02-15,439.0,439.0,421.0,421.0,3700,False
2024-02-16,415.02,420.0,413.0,415.0,700,False
2024-02-19,417.99,417.99,414.05,414.05,600,False
2024-02-20,430.0,445.1,425.0,445.1,49200,False
2024-02-21,465.0,478.48,440.0,478.48,104500,False
2024-02-22,484.0,484.0,450.0,467.96,125200,False
2024-02-23,455.01,484.0,455.0,478.58,28300,False
2024-02-26,514.0,514.0,471.0,489.99,43200,False
2024-02-27,498.0,499.95,475.13,482.0,900,False
2024-02-28,465.0,480.0,465.0,477.94,2400,False
2024-02-29,473.0,483.0,473.0,473.25,4000,False
2024-03-01,462.01,462.01,462.01,462.01,600,False
2024-03-04,473.5,475.0,470.0,470.0,10500,False
2024-03-05,472.98,472.98,450.0,456.62,5300,False
2024-03-06,460.1,481.0,460.0,460.0,2100,False
2024-03-07,453.0,460.0,453.0,459.0,17900,False
2024-03-08,455.0,460.0,455.0,455.0,3300,False
2024-03-11,455.0,480.0,455.0,472.0,8300,False
2024-03-12,453.08,461.0,453.08,461.0,200,False
2024-03-13,469.0,469.0,453.19,459.58,8500,False
2024-03-14,452.1,458.9,450.0,456.6,26100,False
2024-03-15,463.9,463.9,456.6,456.6,700,False
2024-03-18,450.11,450.11,450.11,450.11,100,False
2024-03-19,450.14,458.89,450.0,452.55,1800,False
2024-03-20,442.0,455.0,442.0,455.0,1400,False
2024-03-21,452.0,452.0,450.5,450.5,700,False
2024-03-22,450.0,450.0,449.0,449.0,200,False
2024-03-25,445.01,445.01,442.0,442.17,1100,False
2024-03-26,440.0,450.0,440.0,448.69,1100,False
2024-03-27,444.0,465.0,444.0,452.19,6100,False
2024-03-28,486.0,486.0,461.5,470.0,5500,False
2024-03-29,443.01,480.0,443.01,478.83,2200,False
2024-04-01,478.71,479.0,478.71,478.78,500,False
2024-04-02,457.01,466.98,452.56,455.56,8100,False
2024-04-03,455.0,464.9,455.0,464.5,10900,False
2024-04-04,478.0,499.34,478.0,499.34,44700,False
2024-04-08,534.99,534.99,510.0,523.63,30800,False
2024-04-09,540.0,553.85,530.75,545.3,72900,False
2024-04-15,530.0,540.0,527.23,530.0,6700,False
2024-04-16,544.0,544.0,530.27,535.33,4700,False
2024-04-17,535.33,535.33,518.02,532.0,1700,False
2024-04-18,535.0,557.0,533.99,540.0,120900,False
2024-04-19,540.0,548.0,539.96,548.0,2800,False
2024-04-22,527.51,554.99,527.51,550.0,6352,False
2024-04-23,534.1,550.0,534.1,549.96,11050,False
2024-04-24,547.45,555.0,545.5,554.94,2516,False
2024-04-25,540.1,585.0,540.0,574.75,65456,False
2024-04-26,578.95,583.95,551.0,577.62,25714,False
2024-04-29,581.95,581.95,562.0,565.42,5308,False
2024-04-30,569.99,581.0,565.0,565.43,14924,False
2024-05-02,579.8,580.0,545.5,559.58,3865,False
2024-05-03,555.0,560.0,545.0,559.84,24706,False
2024-05-06,547.01,601.83,546.0,601.8,50472,False
2024-05-07,601.8,622.0,590.0,614.8,84848,False
2024-05-08,615.0,622.99,606.0,610.15,58527,False
2024-05-09,619.94,640.1,606.02,634.65,104982,False
2024-05-10,638.75,660.0,602.26,641.91,26349,False
2024-05-13,659.0,690.0,650.0,664.51,134960,False
2024-05-14,665.0,674.75,664.99,670.0,29029,False
2024-05-15,670.0,674.0,667.0,669.98,749,False
2024-05-16,669.0,679.79,665.0,668.49,3972,False
2024-05-17,661.33,675.0,660.0,669.26,5977,False
2024-05-20,677.0,677.0,662.0,666.0,35890,False
2024-05-21,673.99,682.0,670.0,679.46,16498,False
2024-05-22,686.95,698.0,660.01,689.93,20289,False
2024-05-23,694.0,694.0,676.0,689.71,6315,False
2024-05-24,690.97,693.0,680.0,680.26,1014,False
2024-05-27,684.85,685.0,675.0,676.79,53611,False
2024-05-29,670.0,681.99,661.0,675.0,760,False
2024-05-30,675.0,689.0,665.1,675.85,23830,False
2024-05-31,670.0,695.0,670.0,679.24,3148,False
2024-06-03,675.0,684.99,670.2,674.5,922,False
2024-06-04,668.51,678.89,666.0,667.25,894,False
2024-06-05,660.01,679.88,659.98,675.0,4133,False
2024-06-06,675.0,675.01,663.51,675.0,3091,False
2024-06-07,660.01,690.0,650.0,690.0,71315,False
2024-06-10,685.0,691.0,675.0,690.07,6261,False
2024-06-11,691.0,691.0,680.0,680.04,3073,False
2024-06-12,688.0,688.0,667.0,680.42,2062,False
2024-06-13,690.0,715.0,675.0,712.56,17140,False
2024-06-14,713.0,730.0,705.02,729.23,7439,False
2024-06-20,740.0,740.0,702.27,725.47,3819,False
2024-06-21,734.44,734.44,701.6,721.96,1879,False
2024-06-24,728.0,728.0,709.0,710.0,8414,False
2024-06-25,710.0,710.0,690.0,708.78,1526,False
2024-06-26,710.0,715.0,650.1,710.5,38687,False
2024-06-27,715.0,715.0,714.93,715.0,466,False
2024-06-28,724.95,740.0,715.04,732.98,7343,False
2024-07-01,716.0,762.0,716.0,759.87,337300,False
2024-07-02,768.0,770.0,753.0,767.85,3203,False
2024-07-03,761.05,819.47,761.0,800.19,915977,False
2024-07-04,795.0,808.0,780.0,793.56,44532,False
2024-07-05,798.0,798.5,766.03,780.0,678,False
2024-07-08,780.0,794.99,755.0,792.39,208,False
2024-07-09,800.0,800.0,770.0,788.48,1441,False
2024-07-10,798.9,800.0,780.0,790.0,1540,False
2024-07-11,797.48,800.0,775.1,776.96,6045,False
2024-07-12,790.0,800.0,782.01,797.96,3817,False
2024-07-15,785.1,799.0,780.0,796.96,6336,False
2024-07-18,786.0,798.91,781.0,793.0,9295,False
2024-07-19,783.11,783.11,765.0,766.98,5838,False
2024-07-22,725.0,760.0,720.0,724.73,14013,False
2024-07-23,715.0,729.5,701.0,718.47,10178,False
2024-07-24,720.0,749.95,720.0,737.5,335,False
2024-07-25,761.61,761.61,720.0,723.73,1258,False
2024-07-26,758.0,758.0,701.0,712.05,360,False
2024-07-29,705.16,765.95,695.0,735.68,1059,False
2024-07-30,770.0,770.0,673.01,750.0,1924,False
2024-07-31,758.99,758.99,715.01,746.42,1057,False
2024-08-01,770.0,770.0,738.0,738.0,178,False
2024-08-02,769.99,769.99,735.26,741.1,493,False
2024-08-05,748.99,748.99,730.02,742.25,1366,False
2024-08-06,745.0,745.0,735.01,742.24,5112,False
2024-08-07,755.0,755.0,725.0,744.59,1750,False
2024-08-08,748.0,748.0,730.0,736.59,3714,False
2024-08-09,750.0,750.0,730.0,740.4,1230,False
2024-08-12,750.0,750.0,725.0,740.0,1349,False
2024-08-13,749.75,749.75,732.0,735.43,1234,False
2024-08-15,740.0,748.95,740.0,745.0,13261,False
2024-08-16,749.0,749.0,691.0,738.04,5169,False
2024-08-19,740.0,740.0,709.95,720.44,36122,False
2024-08-20,744.74,744.75,720.0,729.55,8925,False
2024-08-21,735.0,735.0,710.0,730.0,4184,False
2024-08-22,744.0,744.85,718.0,727.42,43828,False
2024-08-23,730.0,800.16,726.0,800.16,861974,False
2024-08-26,798.44,840.0,720.14,723.88,1035705,False
2024-08-27,708.0,739.0,700.0,734.55,31422,False
2024-08-28,739.0,749.99,721.0,730.98,12513,False
2024-08-29,716.0,770.0,716.0,747.45,72920,False
2024-08-30,755.0,759.0,720.0,722.21,3361,False
2024-09-02,744.0,744.0,710.08,738.78,4893,False
2024-09-03,731.0,745.0,725.0,741.46,4391,False
2024-09-04,749.0,749.0,728.1,740.0,12440,False
2024-09-05,738.0,744.75,721.12,731.29,77357,False
2024-09-06,744.0,744.0,730.0,731.95,14379,False
2024-09-09,738.0,746.0,730.0,739.82,28229,False
2024-09-10,740.1,775.0,740.0,766.76,38485,False
2024-09-11,765.99,777.0,755.0,756.13,3503,False
2024-09-12,755.0,775.0,755.0,770.05,44411,False
2024-09-13,765.0,770.0,750.0,768.87,1244,False
2024-09-16,790.0,790.0,755.0,765.01,14859,False
2024-09-18,775.0,775.0,760.0,772.66,42718,False
2024-09-19,775.0,790.0,764.01,780.46,14599,False
2024-09-20,790.0,790.0,779.99,780.25,29586,False
2024-09-23,780.0,787.0,760.0,763.97,9153,False
2024-09-24,721.25,780.0,721.25,769.8,1034,False
2024-09-25,769.8,773.0,762.05,763.59,6194,False
2024-09-26,779.99,839.95,701.1,781.45,2085778,False
2024-09-27,784.99,789.0,774.0,775.78,80614,False
2024-09-30,790.0,790.0,740.0,765.23,28547,False
2024-10-01,750.12,770.0,750.12,765.08,2443,False
2024-10-02,769.99,770.0,760.02,766.73,36753,False
2024-10-03,763.02,769.99,760.0,762.27,4226,False
2024-10-04,760.0,769.0,750.01,760.19,13406,False
2024-10-07,765.0,790.0,755.0,788.97,96028,False
2024-10-08,790.0,797.0,786.0,796.98,30872,False
2024-10-09,796.98,800.0,775.02,790.05,10474,False
2024-10-10,798.0,804.0,793.0,800.52,28982,False
2024-10-11,800.01,800.49,770.0,789.41,8138,False
2024-10-14,775.02,791.0,775.01,784.99,6501,False
2024-10-15,789.9,789.9,761.2,775.0,2085,False
2024-10-16,752.0,792.89,750.0,773.45,1117,False
2024-10-17,773.0,775.0,748.0,770.06,3988,False
2024-10-18,775.0,800.0,761.01,793.59,17440,False
2024-10-21,799.0,810.0,780.0,801.0,23610,False
2024-10-22,809.0,809.5,790.0,800.1,57933,False
2024-10-23,804.0,822.0,800.0,810.89,29769,False
2024-10-24,841.0,841.0,802.25,818.05,17373,False
2024-10-25,803.04,899.86,800.0,899.86,104995,False
2024-10-28,956.9,989.85,883.0,897.58,167856,False
2024-10-29,912.0,968.0,900.05,955.66,61465,False
2024-10-30,970.0,999.0,936.0,942.33,72220,False
2024-10-31,951.0,969.99,911.1,924.66,14612,False
2024-11-01,930.0,935.0,900.01,912.13,12109,False
2024-11-04,919.0,925.0,914.0,918.12,10666,False
2024-11-05,919.0,940.0,915.0,924.13,112038,False
2024-11-06,929.99,929.99,903.0,907.75,73414,False
2024-11-07,905.1,910.0,899.0,900.26,40349,False
2024-11-08,901.01,908.0,890.0,897.3,16798,False
2024-11-11,910.0,987.03,910.0,984.72,217827,False
2024-11-12,990.0,1060.0,955.0,996.67,146217,False
2024-11-13,996.67,1030.0,996.66,1019.78,14617,False
2024-11-14,1010.0,1035.0,990.0,993.93,48624,False
2024-11-15,995.0,1025.0,995.0,1008.83,72435,False
2024-11-18,1014.0,1014.0,997.21,1000.66,8179,False
2024-11-19,1009.99,1098.9,1004.0,1070.86,214376,False
2024-11-20,1077.86,1100.0,1040.0,1048.22,190759,False
2024-11-21,1048.0,1095.0,1020.0,1084.82,150848,False
2024-11-22,1099.0,1100.0,1020.0,1023.1,35670,False
2024-11-25,1024.01,1030.0,985.0,998.48,42097,False
2024-11-26,995.0,995.0,906.0,917.87,48754,False
2024-11-27,989.0,999.9,950.0,992.51,166093,False
2024-11-28,1000.0,1030.0,1000.0,1021.33,196673,False
2024-11-29,1023.0,1100.0,1019.0,1092.36,217280,False
2024-12-02,1092.0,1124.97,1092.0,1118.68,101335,False
2024-12-03,1115.0,1138.98,1050.01,1123.1,72793,False
2024-12-04,1130.0,1133.0,1100.01,1117.32,36292,False
2024-12-05,1120.0,1125.0,1100.12,1112.0,148426,False
2024-12-06,1119.99,1119.99,1090.12,1115.04,65745,False
2024-12-09,1116.01,1141.0,1113.0,1130.98,333417,False
2024-12-10,1120.0,1140.0,1100.0,1122.65,47561,False
2024-12-11,1129.0,1130.0,1100.0,1113.99,96202,False
2024-12-12,1105.01,1179.99,1105.01,1155.55,331555,False
2024-12-13,1165.06,1200.0,1155.0,1182.0,255948,False
2024-12-16,1182.0,1275.0,1182.0,1243.07,206746,False
2024-12-17,1200.0,1299.0,1162.0,1228.98,75458,False
2024-12-18,1199.99,1290.0,1199.99,1227.72,72925,False
2024-12-19,1202.0,1270.0,1180.0,1189.84,8932,False
2024-12-20,1209.99,1209.99,1178.01,1181.99,10534,False
2024-12-23,1199.99,1250.0,1171.0,1232.7,30813,False
2024-12-24,1221.0,1249.0,1201.1,1218.13,4840,False
2024-12-26,1200.0,1239.0,1160.0,1200.0,5410,False
2024-12-27,1234.0,1234.0,1190.0,1212.12,3516,False
2024-12-30,1215.0,1258.0,1200.12,1250.22,98578,False
2024-12-31,1265.0,1265.0,1201.0,1237.86,13520,False
2025-01-01,1245.0,1275.0,1225.55,1271.12,21888,False
2025-01-02,1270.0,1287.0,1255.0,1271.26,5186,False
2025-01-03,1256.1,1295.0,1230.0,1282.05,29372,False
2025-01-06,1250.0,1298.98,1250.0,1250.24,11221,False
2025-01-07,1274.99,1289.0,1218.0,1231.37,35361,False
2025-01-08,1231.35,1250.0,1199.9,1208.01,10435,False
2025-01-09,1223.0,1223.0,1155.01,1200.01,9881,False
2025-01-10,1209.0,1209.0,1165.0,1171.85,6379,False
2025-01-13,1192.99,1210.12,1161.0,1206.02,11733,False
2025-01-14,1200.01,1267.0,1200.01,1251.74,6605,False
2025-01-15,1269.0,1310.0,1243.0,1299.5,172879,False
2025-01-16,1307.99,1309.0,1270.0,1275.19,8853,False
2025-01-17,1285.6,1306.95,1212.0,1271.25,44167,False
2025-01-20,1279.0,1297.99,1276.0,1284.16,6900,False
2025-01-21,1284.16,1300.0,1275.56,1280.17,7746,False
2025-01-22,1293.0,1299.0,1260.0,1262.52,1300,False
2025-01-23,1298.95,1298.95,1251.0,1285.08,9861,False
2025-01-24,1299.0,1299.0,1271.2,1281.66,95415,False
2025-01-27,1285.0,1295.0,1268.51,1270.26,3289,False
2025-01-28,1269.2,1280.0,1265.0,1270.59,1157,False
2025-01-29,1265.07,1284.9,1261.0,1265.48,1831,False
2025-01-30,1261.03,1280.0,1211.2,1275.72,6751,False
2025-01-31,1277.32,1288.0,1250.0,1264.1,2406,False
2025-02-03,1266.01,1277.97,1250.01,1262.72,4399,False
2025-02-04,1251.0,1273.9,1235.1,1260.0,9542,False
2025-02-06,1260.0,1263.75,1236.0,1250.0,1998,False
2025-02-07,1258.99,1258.99,1230.0,1231.36,2550,False
2025-02-10,1232.05,1250.0,1220.0,1230.63,3157,False
2025-02-11,1240.0,1248.8,1201.0,1224.6,3272,False
2025-02-12,1239.89,1279.99,1221.05,1235.01,4566,False
2025-02-13,1235.0,1237.0,1230.0,1237.0,810,False
2025-02-14,1236.0,1246.0,1230.0,1230.23,1923,False
2025-02-17,1249.99,1249.99,1200.01,1229.17,3236,False
2025-02-18,1247.8,1248.0,1207.0,1219.72,19372,False
2025-02-19,1239.89,1256.0,1220.01,1246.23,34847,False
2025-02-20,1255.0,1284.99,1121.61,1121.61,98328,False
2025-02-21,1121.61,1121.61,1027.0,1040.75,301176,False
2025-02-24,1041.0,1144.0,1040.1,1098.54,120929,False
2025-02-25,1124.0,1127.13,1058.54,1080.13,22237,False
2025-02-26,1085.62,1099.9,1041.2,1048.58,13421,False
2025-02-27,1048.6,1060.0,1040.0,1042.78,22003,False
2025-02-28,1049.0,1060.0,1010.0,1037.25,279897,False
2025-03-03,1045.0,1058.0,1020.0,1030.36,7151,False
2025-03-04,1035.66,1055.0,1030.0,1040.33,5971,False
2025-03-05,1049.9,1059.35,1033.0,1037.73,49698,False
2025-03-06,1043.93,1058.0,1040.4,1050.1,48958,False
2025-03-07,1053.0,1076.0,1050.0,1054.96,11616,False
2025-03-10,1068.8,1068.8,1053.1,1057.76,3043,False
2025-03-11,1065.0,1065.0,1041.51,1055.16,3755,False
2025-03-12,1063.0,1075.0,1054.0,1063.67,13324,False
2025-03-13,1063.8,1072.86,1055.0,1059.1,14603,False
2025-03-14,1055.0,1073.86,1045.0,1058.33,63672,False
2025-03-17,1058.0,1058.0,1049.47,1053.14,11476,False
2025-03-18,1058.0,1060.0,1050.0,1055.2,7560,False
2025-03-19,1050.01,1058.93,1048.12,1049.17,5193,False
2025-03-20,1048.01,1075.01,1048.01,1057.87,6732,False
2025-03-21,1058.0,1069.99,1055.0,1055.29,14973,False
2025-03-24,1064.85,1069.0,1055.0,1058.2,7877,False
2025-03-25,1066.0,1090.0,1032.0,1076.26,31228,False
2025-03-26,1090.0,1119.98,1062.0,1102.5,26432,False
2025-03-27,1117.98,1118.91,1087.0,1100.35,6335,False
2025-04-03,1117.45,1117.45,1087.0,1094.48,3508,False
2025-04-04,1116.98,1116.98,1065.0,1080.58,8813,False
2025-04-07,1081.0,1090.9,976.0,1056.93,27655,False
2025-04-08,1056.93,1080.0,1056.93,1062.85,11596,False
2025-04-09,1015.8,1059.99,1013.0,1026.89,18110,False
2025-04-10,1051.0,1080.0,1040.0,1060.18,9353,False
2025-04-11,1070.0,1117.0,1025.0,1085.37,73929,False
2025-04-14,1099.0,1099.0,1055.0,1074.12,11617,False
2025-04-15,1070.0,1090.0,1060.0,1063.14,11575,False
2025-04-16,1063.14,1074.8,1041.0,1051.59,12284,False
2025-04-17,1073.0,1073.0,1033.13,1051.68,3307,False
2025-04-18,1036.0,1067.0,1036.0,1056.74,15355,False
2025-04-21,1056.0,1077.98,1035.0,1059.99,15373,False
2025-04-22,1053.1,1065.0,1053.01,1062.06,10971,False
2025-04-23,1055.0,1069.0,1055.0,1058.94,2455,False
2025-04-24,1050.01,1055.0,1035.01,1040.38,5665,False
2025-04-25,1045.0,1065.0,1035.0,1040.01,46539,False
2025-04-28,1052.0,1052.0,998.0,1010.12,38962,False
2025-04-29,1031.0,1031.0,1000.0,1003.04,82936,False
2025-04-30,1005.0,1005.0,969.1,969.91,14818,False
2025-05-02,951.0,999.0,951.0,961.88,109496,False
2025-05-05,962.0,974.99,951.0,960.0,4205,False
2025-05-06,965.0,965.0,949.1,950.76,6543,False
2025-05-07,881.0,943.0,881.0,904.72,11967,False
2025-05-08,910.0,925.0,814.25,814.25,75846,False
2025-05-09,814.0,855.0,790.0,841.67,80982,False
2025-05-12,890.0,925.84,890.0,925.84,28404,False
2025-05-13,965.0,965.0,936.11,950.75,33980,False
2025-05-14,950.76,959.0,940.0,943.2,3889,False
2025-05-15,953.99,956.5,951.0,953.21,6641,False
2025-05-16,954.0,996.0,948.0,979.75,55798,False
2025-05-19,979.75,980.0,965.0,967.86,15465,False
2025-05-20,967.86,970.0,960.0,968.03,2005,False
2025-05-21,962.0,980.0,962.0,974.06,9825,False
2025-05-22,979.9,980.0,960.0,967.11,24749,False
2025-05-23,979.8,979.8,930.0,960.83,2750,False
2025-05-26,957.15,969.89,950.0,956.17,2831,False
2025-05-27,958.0,958.0,944.12,949.62,29611,False
2025-05-29,957.0,957.5,951.01,956.12,3295,False
2025-05-30,957.0,960.0,948.74,949.18,4254,False
2025-06-02,954.0,960.0,937.0,939.41,6608,False
2025-06-03,940.0,946.0,930.0,932.95,4743,False
2025-06-04,938.99,960.0,934.0,939.55,2935,False
2025-06-05,949.0,949.0,938.0,939.65,4372,False
2025-06-10,949.2,955.0,941.01,953.34,15193,False
2025-06-11,964.8,1005.5,964.8,998.24,26967,False
2025-06-12,1010.0,1034.0,991.0,997.14,18450,False
2025-06-13,990.0,1010.0,940.0,994.67,15727,False
2025-06-16,999.9,999.99,969.0,987.55,7063,False
2025-06-17,980.0,988.0,951.01,969.39,7577,False
2025-06-18,976.33,979.0,955.02,961.4,3512,False
2025-06-19,961.4,970.0,945.02,949.76,8131,False
2025-06-20,959.9,974.98,925.02,953.53,14459,False
2025-06-23,953.44,953.44,925.02,929.22,6876,False
2025-06-24,951.0,980.0,925.02,966.0,22546,False
2025-06-25,950.03,965.0,950.03,955.53,3347,False
2025-06-26,960.0,960.0,953.0,954.7,101652,False
2025-06-27,959.9,980.0,951.01,975.0,145543,False
2025-06-30,975.0,979.98,935.5,972.05,24409,False
2025-07-01,972.06,985.95,972.05,980.71,22283,False
2025-07-02,985.0,1026.0,984.98,1022.11,56836,False
2025-07-03,1025.0,1040.0,1000.01,1034.6,21601,False
2025-07-04,1025.0,1055.0,1025.0,1033.08,4585,False
2025-07-07,1033.08,1105.0,1029.0,1100.93,102736,False
2025-07-08,1100.0,1110.0,1065.0,1086.23,33922,False
2025-07-09,1075.07,1090.0,1075.07,1085.12,4647,False
2025-07-10,1099.0,1099.9,1080.0,1083.49,3165,False
2025-07-11,1085.0,1100.0,1061.07,1094.99,32777,False
2025-07-14,1090.0,1099.99,1087.04,1090.0,4998,False
2025-07-15,1120.0,1120.0,1075.0,1087.54,73384,False
2025-07-16,1070.0,1101.0,1070.0,1099.58,96215,False
2025-07-17,1070.01,1109.97,1070.01,1100.58,36610,False
2025-07-18,1120.0,1120.0,1080.0,1091.76,6028,False
2025-07-21,1099.0,1099.0,1060.01,1094.65,11304,False
2025-07-22,1094.0,1095.0,1080.0,1091.3,38063,False
2025-07-23,1110.11,1110.11,1084.0,1085.82,6008,False
2025-07-24,1084.1,1094.0,1071.0,1076.77,4650,False
2025-07-25,1079.0,1081.0,1063.51,1069.31,5417,False
2025-07-28,1071.0,1092.99,1061.08,1086.91,21752,False
2025-07-29,1075.0,1100.0,1070.2,1080.02,15367,False
2025-07-30,1080.02,1099.0,1076.77,1080.14,13162,False
2025-07-31,1081.0,1092.0,1075.0,1080.65,17278,False
2025-08-01,1080.65,1100.0,1051.15,1099.06,64603,False
2025-08-04,1110.0,1125.0,1100.0,1110.16,18109,False
2025-08-05,1113.0,1119.0,1110.0,1110.03,7344,False
2025-08-06,1115.99,1125.0,1110.0,1120.05,19542,False
2025-08-07,1140.0,1144.0,1055.15,1142.02,321768,False
2025-08-08,1160.0,1169.0,1150.5,1161.13,27745,False
2025-08-11,1162.0,1175.0,1162.0,1166.93,8111,False
2025-08-12,1170.0,1170.0,1090.22,1160.03,28666,False
2025-08-13,1151.05,1160.0,1121.11,1159.05,12465,False
2025-08-15,1145.0,1170.0,1128.61,1166.07,23730,False
2025-08-18,1166.07,1172.33,1152.0,1170.08,5645,False
2025-08-19,1160.0,1198.0,1160.0,1182.36,7928,False
2025-08-20,1190.0,1219.0,1180.0,1203.09,31767,False
2025-08-21,1200.0,1216.0,1170.0,1183.73,14168,False
2025-08-22,1183.73,1196.0,1180.0,1185.12,13664,False
2025-08-25,1213.85,1215.0,1189.99,1190.64,12803,False
2025-08-26,1190.64,1192.0,1170.01,1173.74,10725,False
2025-08-27,1178.0,1180.0,1122.1,1129.3,18770,False
2025-08-28,1151.0,1190.0,1144.05,1149.99,24194,False
2025-08-29,1159.0,1159.0,1140.5,1146.18,6406,False
2025-09-01,1146.17,1153.0,1129.0,1139.31,107649,False
2025-09-02,1145.0,1155.0,1140.0,1144.94,27603,False
2025-09-03,1148.74,1196.94,1145.0,1191.04,36217,False
2025-09-04,1210.0,1210.0,1160.06,1179.85,28097,False
2025-09-05,1189.9,1197.95,1179.0,1190.85,5803,False
2025-09-08,1199.9,1199.98,1175.0,1181.83,3774,False
2025-09-09,1200.0,1200.0,1168.0,1177.58,22207,False
2025-09-10,1168.25,1190.0,1150.0,1184.0,45133,False
2025-09-11,1179.0,1195.0,1175.0,1179.99,29090,False
2025-09-12,1189.9,1193.9,1175.0,1180.0,6930,False
2025-09-15,1177.0,1179.0,1166.0,1168.12,6314,False
2025-09-16,1181.99,1181.99,1158.1,1168.2,5536,False
2025-09-17,1170.0,1171.0,1160.0,1162.52,4651,False
2025-09-18,1169.9,1169.9,1150.0,1162.39,7058,False
2025-09-19,1162.39,1168.0,1151.11,1164.69,7630,False
2025-09-22,1165.0,1204.0,1165.0,1189.97,53857,False
2025-09-23,1200.0,1245.0,1200.0,1226.93,30492,False
2025-09-24,1245.0,1245.0,1202.1,1223.15,19664,False
2025-09-25,1211.0,1240.0,1180.0,1234.52,15564,False
2025-09-26,1238.0,1280.06,1230.0,1271.91,36384,False
2025-09-29,1226.0,1276.0,1226.0,1270.33,6912,False
2025-09-30,1279.9,1286.0,1252.0,1262.82,15612,False
2025-10-01,1261.95,1270.0,1236.0,1251.12,18189,False
2025-10-02,1251.12,1304.0,1236.07,1292.91,28620,False
2025-10-03,1260.01,1303.0,1260.01,1299.46,28701,False
2025-10-06,1290.0,1299.45,1261.07,1269.97,4108,False
2025-10-07,1269.95,1295.0,1266.0,1269.52,26093,False
2025-10-08,1269.5,1269.5,1254.0,1259.99,12986,False
2025-10-09,1254.0,1278.4,1230.0,1248.84,9148,False
2025-10-10,1252.41,1252.41,1191.04,1216.9,11343,False
2025-10-13,1216.0,1216.0,1175.0,1199.67,28024,False
2025-10-14,1197.0,1240.0,1197.0,1223.15,31483,False
2025-10-15,1220.0,1221.0,1200.11,1212.66,3267,False
2025-10-16,1213.25,1220.0,1195.0,1196.53,10885,False
2025-10-17,1211.0,1211.9,1190.35,1198.76,3389,False
2025-10-20,1178.0,1200.0,1178.0,1194.19,1726,False
2025-10-21,1200.1,1220.0,1200.1,1211.95,4794,False
2025-10-22,1235.0,1235.05,1200.01,1223.82,6215,False
2025-10-23,1229.9,1240.0,1211.1,1222.71,47761,False
2025-10-24,1225.0,1225.0,1190.06,1199.5,7334,False
2025-10-27,1195.0,1200.0,1165.0,1182.32,4589,False
2025-10-28,1170.32,1199.0,1160.0,1180.3,3040,False
2025-10-29,1160.01,1200.0,1115.21,1121.94,16332,False
2025-10-30,1143.0,1165.3,1092.0,1099.74,75275,False
2025-10-31,1100.0,1125.0,1100.0,1119.78,22947,False
2025-11-03,1125.0,1139.0,1119.78,1122.65,1749,False
2025-11-04,1122.7,1125.0,1100.0,1115.2,72362,False
2025-11-05,1115.3,1130.0,1099.0,1110.01,5932,False
2025-11-06,1119.0,1140.0,1098.0,1098.92,2640,False
2025-11-07,1109.9,1124.75,1099.1,1103.33,2354,False
2025-11-10,1109.9,1111.0,1097.0,1099.39,2321,False
2025-11-11,1100.0,1108.3,1059.0,1074.03,4032,False
2025-11-12,1074.03,1094.5,1074.0,1092.8,6428,False
2025-11-13,1084.0,1096.0,1081.0,1088.51,1693,False
2025-11-14,1089.0,1100.0,1085.01,1090.86,1214,False
2025-11-17,1099.0,1106.0,1066.0,1080.87,2476,False
2025-11-18,1082.55,1094.9,1070.0,1070.48,12314,False
2025-11-19,1079.9,1090.0,1075.01,1079.99,7072,False
2025-11-20,1079.99,1085.0,1073.0,1076.96,7471,False
2025-11-21,1079.9,1091.0,1075.0,1077.03,620,False
2025-11-24,1077.0,1086.99,1051.08,1060.77,1009,False
2025-11-25,1069.85,1075.0,1056.5,1062.84,937,False
2025-11-26,1069.6,1071.9,1062.02,1065.96,177,False
2025-11-27,1069.9,1070.0,1056.0,1065.07,582,False
2025-11-28,1065.07,1071.0,1050.01,1059.71,3238,False
2025-12-01,1068.98,1068.98,1027.0,1049.88,7478,False
2025-12-02,1058.0,1069.89,1015.0,1049.56,13056,False
2025-12-03,1067.0,1067.0,1040.1,1045.67,940,False
2025-12-04,1049.0,1049.0,1044.01,1045.0,1255,False
2025-12-05,1045.0,1049.0,1020.0,1026.65,18141,False
2025-12-08,1029.9,1032.0,1022.07,1025.64,12399,False
2025-12-09,1025.13,1030.0,1022.07,1025.95,37853,False
2025-12-10,1026.0,1026.0,1018.0,1018.73,10844,False
2025-12-11,1027.0,1027.0,1017.0,1018.18,8901,False
2025-12-12,1020.0,1029.8,1019.0,1023.58,15976,False
2025-12-15,1025.0,1025.0,1001.1,1017.47,40446,False
2025-12-16,1019.9,1060.0,1019.9,1041.46,22316,False
2025-12-17,1041.46,1060.0,1035.51,1051.4,71844,False
2025-12-18,1055.44,1070.0,1046.01,1056.09,20013,False
2025-12-19,1050.0,1070.0,1050.0,1058.94,43049,False
2025-12-22,1059.09,1062.0,1045.55,1050.14,1696,False
2025-12-23,1049.99,1055.2,1040.0,1041.34,1298,False
2025-12-24,1042.0,1051.37,1035.01,1043.03,14590,False
2025-12-26,1044.0,1051.24,1031.0,1037.84,736,False
2025-12-29,1037.84,1050.0,1011.0,1037.12,4656,False
2025-12-30,1037.0,1045.0,1037.0,1038.18,11242,False
2025-12-31,1044.4,1052.49,1037.0,1050.14,26331,False
2026-01-01,1059.0,1102.88,1046.1,1097.55,23044,False
2026-01-02,1099.0,1125.0,1099.0,1116.53,40832,False
2026-01-05,1120.56,1175.0,1120.56,1150.98,30424,False
2026-01-06,1155.0,1170.0,1071.1,1164.29,18398,False
2026-01-07,1160.0,1240.0,1160.0,1209.49,173831,False
2026-01-08,1209.49,1274.0,1121.0,1257.76,58224,False
2026-01-09,1259.9,1273.79,1210.0,1245.42,91024,False
2026-01-12,1213.0,1239.98,1210.0,1230.16,7277,False
2026-01-13,1229.0,1229.0,1202.5,1218.06,2879,False
2026-01-14,1210.01,1221.0,1200.0,1200.2,22660,False
2026-01-15,1200.0,1200.0,1180.0,1199.74,2335,False
2026-01-16,1190.01,1225.0,1190.0,1210.72,2312,False
2026-01-19,1218.0,1218.0,1191.0,1202.23,5207,False
2026-01-20,1205.0,1233.0,1202.3,1220.19,9181,False
2026-01-21,1225.0,1228.0,1190.0,1190.79,103185,False
2026-01-22,1199.8,1220.0,1181.0,1195.95,4632,False
2026-01-23,1198.5,1200.0,1166.0,1189.7,4324,False
2026-01-26,1189.7,1194.4,1189.0,1189.61,1116,False
2026-01-27,1199.55,1210.0,1178.0,1179.33,4710,False
2026-01-28,1194.33,1194.33,1170.0,1176.71,2704,False
2026-01-29,1179.9,1184.95,1111.0,1142.07,4196,False
2026-01-30,1159.0,1175.0,1139.98,1154.39,1556,False
2026-02-02,1155.0,1169.99,1148.0,1158.09,1768,False
2026-02-03,1160.0,1177.0,1139.0,1165.35,7599,False
2026-02-04,1180.0,1180.0,1160.02,1178.31,1323,False
2026-02-06,1178.31,1179.9,1111.0,1147.59,2139,False
2026-02-09,1150.0,1198.44,1147.59,1185.83,8854,False
2026-02-10,1185.0,1185.0,1160.0,1178.01,2022,False
2026-02-11,1198.0,1200.0,1175.0,1194.25,18567,False
2026-02-12,1195.0,1202.0,1170.01,1181.5,9161,False
2026-02-13,1170.01,1189.9,1150.0,1175.04,14902,False
2026-02-16,1179.9,1179.9,1162.0,1165.1,1011,False
2026-02-17,1167.11,1181.0,1121.0,1145.01,679,False
2026-02-18,1159.9,1169.0,1135.0,1159.81,1985,False
2026-02-19,1169.88,1169.9,1135.0,1140.04,3323,False
2026-02-20,1140.01,1159.9,1130.05,1138.97,13827,False
2026-02-23,1138.97,1149.79,1055.18,1070.31,5997,False
2026-02-24,1067.0,1070.0,1029.01,1034.7,13464,False
2026-02-25,1059.91,1060.0,1014.0,1043.33,11706,False
2026-02-26,1049.9,1049.9,1030.01,1047.49,2265,False
2026-02-27,1045.0,1045.0,1012.0,1029.76,3079,False
2026-03-02,975.0,998.0,933.0,945.82,3138,False
2026-03-03,990.0,1009.16,945.5,998.3,13167,False
2026-03-04,998.3,1002.99,970.01,980.0,2833,False
2026-03-05,990.0,994.0,940.0,945.66,29940,False
2026-03-06,940.0,947.97,901.08,913.66,5632,False
2026-03-09,851.16,890.0,822.29,836.92,35788,False
2026-03-10,866.0,888.0,862.03,877.77,27660,False
2026-03-11,878.0,900.0,855.54,863.09,63393,False
2026-03-12,868.0,873.0,850.0,852.1,7664,False
2026-03-13,869.9,937.0,821.0,846.12,14556,False
2026-03-16,861.0,907.44,853.53,888.17,14599,False
2026-03-17,891.0,976.99,891.0,906.68,30630,False
2026-03-18,934.99,934.99,911.0,924.53,26621,False
2026-03-19,919.99,939.9,910.5,930.64,3166,False
2026-03-24,950.0,975.0,930.64,943.13,56071,False
2026-03-25,945.01,945.01,937.0,938.95,40953,False
2026-03-26,948.0,948.0,920.0,924.46,13679,False
2026-03-27,929.9,938.0,902.02,909.91,5158,False
2026-03-30,919.0,919.0,875.0,882.45,14822,False
2026-03-31,882.45,910.0,882.0,886.81,8329,False
2026-04-01,889.9,925.0,889.9,919.81,17113,False
2026-04-02,914.98,914.98,897.0,907.99,6194,False
2026-04-03,899.99,907.0,890.01,897.93,10185,False
2026-04-06,886.9,899.9,886.9,890.72,11918,False
2026-04-07,888.0,899.9,888.0,893.82,8555,False
2026-04-08,983.2,983.2,940.02,983.17,248016,False
2026-04-09,983.0,983.0,950.0,964.85,30449,False
2026-04-10,965.0,999.48,955.0,962.36,190209,False
2026-04-13,940.0,960.0,935.0,937.98,19397,False
2026-04-14,952.25,968.0,881.0,963.29,58733,False
2026-04-15,980.0,985.0,965.01,971.28,86037,False
2026-04-16,979.0,985.0,972.01,976.45,27602,False
2026-04-17,986.0,1000.0,961.3,990.33,157733,False
2026-04-20,1004.0,1017.0,980.0,994.34,41146,False
2026-04-21,999.9,1007.0,990.0,996.25,48619,False
2026-04-22,954.0,967.88,925.1,945.39,16190,False
2026-04-23,881.0,950.0,881.0,928.65,11316,False
2026-04-24,929.99,933.0,917.0,920.2,38866,False
2026-04-27,917.01,932.97,917.0,919.54,29057,False
2026-04-28,924.96,930.0,918.0,919.98,9871,False
2026-04-29,923.97,923.97,900.0,907.36,13544,False
2026-04-30,900.0,900.0,866.0,882.46,27298,False
2026-05-04,889.9,918.65,889.9,897.79,4873,False
2026-05-05,897.79,900.0,880.0,896.93,9622,False
2026-05-06,913.0,913.0,890.88,909.07,14567,False
2026-05-07,922.98,922.98,911.0,918.02,10097,False
2026-05-08,918.0,918.0,888.0,891.67,35678,False
2026-05-11,911.0,911.0,891.9,892.28,11197,False
2026-05-12,892.29,899.79,888.0,888.36,8621,False
2026-05-13,888.0,893.99,878.01,879.95,17212,False
2026-05-14,885.0,890.0,866.01,869.74,19329,False
2026-05-15,878.0,878.0,870.0,874.12,7154,False
2026-05-18,866.0,883.95,858.0,862.07,15376,False
2026-05-19,863.0,876.0,838.0,855.52,10656,False
2026-05-20,856.0,868.0,840.0,844.27,33747,False
2026-05-21,850.0,869.9,849.52,861.32,735243,False
2026-05-22,863.01,876.0,863.01,871.15,27514,False
2026-05-25,885.0,896.99,880.0,883.75,27581,False
2026-05-29,889.98,899.0,885.0,894.96,30922,False
2026-06-01,897.25,903.9,880.0,884.95,29934,False
2026-06-02,880.0,896.0,878.0,889.43,9223,False
2026-06-03,897.5,897.5,880.0,886.36,16246,False
2026-06-04,893.99,893.99,861.3,889.8,7085,False
2026-06-05,890.23,894.9,888.0,889.73,9718,False
2026-06-08,880.0,885.0,870.0,884.45,6690,False
2026-06-09,885.0,895.0,882.0,888.23,3176,False
2026-06-10,887.0,888.04,885.0,885.95,6241,False
2026-06-11,885.0,890.0,881.5,884.79,5161,False
2026-06-12,890.0,898.0,888.0,888.88,4901,False
2026-06-15,901.0,930.5,900.0,924.24,61357,False
2026-06-16,929.99,950.0,906.0,948.13,25279,False
2026-06-17,951.0,959.5,940.0,951.37,48045,False
2026-06-18,960.0,990.0,950.0,978.67,37721,False
2026-06-19,952.2,988.98,948.5,954.49,24286,False
2026-06-22,980.0,980.0,955.0,963.26,93261,False
2026-06-23,969.99,975.0,960.0,961.39,174728,False
2026-06-24,965.0,975.0,954.98,966.44,45924,False
2026-06-29,955.0,974.0,955.0,970.76,18413,False
2026-06-30,984.49,989.0,971.0,984.39,35985,False
2026-07-01,985.0,999.0,980.0,995.32,195901,False
2026-07-02,995.32,1029.0,991.01,1019.35,88958,False
2026-07-03,1020.0,1023.98,1000.1,1016.19,25939,False
2026-07-06,1010.99,1020.0,1000.0,1002.39,124706,False
2026-07-07,1010.0,1010.0,990.0,997.19,24216,False
2026-07-08,996.99,997.0,951.11,967.08,44352,False
2026-07-09,950.0,990.0,950.0,964.81,21681,False
2026-07-10,964.79,974.98,960.0,963.5,15160,False
2026-07-13,955.0,955.0,948.2,950.35,48683,False
2026-07-14,940.0,940.0,925.01,926.63,14501,False
2026-07-15,926.64,951.0,920.01,930.91,7755,False
2026-07-16,937.0,980.0,935.0,970.8,71748,False
2026-07-17,969.88,969.88,950.0,951.11,11794,False
2026-07-20,947.99,947.99,930.0,935.19,53411,False
2026-07-21,935.25,950.0,928.0,930.03,9645,False
2026-07-22,939.0,945.8,920.0,924.32,16396,False
2026-07-23,920.0,930.0,914.0,916.87,8655,False
2026-07-24,917.0,964.0,905.1,918.86,8514,False
2026-07-27,935.0,944.0,925.0,937.59,27285,False
2026-07-28,944.0,944.0,930.0,934.91,2437,False
2026-07-29,935.0,935.0,915.0,924.12,4874,False
2026-07-30,924.0,924.0,910.25,915.48,8760,False
2026-07-31,920.0,922.8,915.0,917.23,4861,False
2026-08-03,920.0,931.0,918.0,927.48,23744,False
2026-08-04,945.0,945.0,925.0,925.23,4577,False
2026-08-05,925.51,939.5,919.1,925.86,7187,False
2026-08-06,929.9,939.0,922.8,934.5,9664,False
2026-08-07,930.0,936.0,925.25,930.44,25578,False
2026-08-10,932.02,940.0,931.0,932.94,8959,False
2026-08-11,933.25,933.25,922.8,926.97,30651,False
2026-08-12,926.94,928.0,918.2,920.91,10251,False
2026-08-13,924.89,929.9,916.0,924.23,23677,False
2026-08-17,929.86,930.0,909.0,917.81,43878,False
2026-08-18,917.8,920.99,890.08,896.88,45850,False
2026-08-19,900.0,913.98,899.0,900.0,9821,False
2026-08-20,914.8,914.8,899.0,904.28,9956,False
2026-08-21,905.01,912.4,901.55,910.11,22939,False
2026-08-24,910.11,919.0,906.0,911.28,15074,False
2026-08-25,911.28,940.0,910.0,935.61,122077,False
2026-08-27,950.0,964.99,901.3,949.78,184280,False
2026-08-28,950.99,979.9,945.0,971.67,209065,False
2026-08-31,960.0,978.0,930.0,940.26,109610,False
2026-09-01,931.0,958.99,925.0,941.94,155484,False
2026-09-02,939.9,939.9,907.0,930.39,13677,False
2026-09-03,932.0,950.0,910.1,935.86,22056,False
2026-09-04,945.0,960.0,931.0,940.73,16833,False
2026-09-07,947.0,947.0,925.0,925.87,14910,False
2026-09-08,935.0,935.0,920.0,926.49,5045,False
2026-09-09,930.0,930.0,920.0,921.51,5675,False
2026-09-10,920.0,927.99,911.01,914.91,6629,False
2026-09-11,913.0,920.0,901.11,917.92,34876,False
